1.25,9,6.5,1.55,8,3.35,1.25,3.75,44,VFL MADRID  VFL EDINBURGH,Wed 14:52,0,0,0,0,1.35,2.85,2.15,1.65,3.65,1.25,14,48:48.1,Wed 14:48,,,
1.9,3.85,3.7,2.6,4.1,2.2,1.7,2.3,14,VFL ANKARA  VFL BERN,Wed 14:52,0,0,1.3,3.1,2.05,1.7,3.8,1.22,0,0,14,48:48.1,Wed 14:48,,,
1.4,6.5,5.5,1.75,5.75,2.95,1.35,3.2,26,VFL AMSTERDAM  VFL PARIS,Wed 14:52,0,0,1.2,4.15,1.6,2.2,2.65,1.4,0,0,14,48:48.1,Wed 14:48,,,
1.75,4.35,3.95,2,5.75,2.45,1.5,2.8,14.75,VFL STOCKHOLM  VFL VIENNA,Wed 14:52,0,0,1.25,3.65,1.85,1.85,3,1.35,0,0,14,48:48.1,Wed 14:48,,,
3.7,2.05,3.4,4.95,2.4,2.15,2.65,1.75,7.75,VFL COPENHAGEN  VFL ROME,Wed 14:52,0,0,1.5,2.45,2.5,1.5,5,1.14,0,0,14,48:48.1,Wed 14:48,,,
2,4.85,2.9,2.3,7,2,1.6,3.2,6.75,VFL LISBON  VFL BRUSSELS,Wed 14:52,0,0,1.55,2.3,2.7,1.4,4.8,1.15,0,0,14,48:48.1,Wed 14:48,,,
1.6,6.75,3.7,2,6,2.45,1.5,3.1,11,VFL BERLIN  VFL ATHENS,Wed 14:52,0,0,1.3,3.2,2,1.7,3.75,1.22,0,0,14,48:48.1,Wed 14:48,,,
2.45,2.5,4.2,2.85,2.7,2.8,2.05,1.8,23,VFL OSLO  VFL LONDON,Wed 14:52,0,0,0,0,1.6,2.2,2.6,1.45,4.3,1.18,14,48:48.1,Wed 14:48,,,
3.05,2.2,3.75,3.2,2.85,2.4,2.15,1.75,17.75,VFL PARIS  VFL LISBON,Wed 14:56,0,0,1.3,3.15,2.05,1.7,3.7,1.25,0,0,15,53:27.5,Wed 14:53,,,
2.3,2.9,3.7,3.2,3.45,2.1,1.9,2.1,11.25,VFL VIENNA  VFL ANKARA,Wed 14:56,0,0,1.4,2.75,2.25,1.55,4.3,1.18,0,0,15,53:27.5,Wed 14:53,,,
1.5,5.75,4.95,1.75,4.85,3.4,1.4,3,27,VFL LONDON  VFL STOCKHOLM,Wed 14:56,0,0,0,0,1.5,2.45,2.15,1.6,3.4,1.3,15,53:27.5,Wed 14:53,,,
4.55,1.75,3.8,4,2.3,2.5,2.55,1.55,17.25,VFL EDINBURGH  VFL OSLO,Wed 14:56,0,0,1.22,3.85,1.8,1.9,3.2,1.3,0,0,15,53:27.5,Wed 14:53,,,
1.6,5.25,4.35,1.95,5.25,2.65,1.45,2.95,15,VFL ROME  VFL ATHENS,Wed 14:56,0,0,1.22,3.8,1.7,2.05,2.8,1.4,0,0,15,53:27.5,Wed 14:53,,,
1.95,3.35,4.1,2.3,3.7,2.7,1.65,2.45,12.25,VFL AMSTERDAM  VFL BERLIN,Wed 14:56,0,0,1.3,3.2,1.85,1.85,3.15,1.3,0,0,15,53:27.5,Wed 14:53,,,
3.35,2.15,3.5,4,2.6,2.25,2.35,1.75,11.25,VFL BRUSSELS  VFL MADRID,Wed 14:56,0,0,1.3,3.15,2.05,1.7,3.75,1.22,0,0,15,53:27.5,Wed 14:53,,,
2.55,2.8,3.35,3.25,3.8,1.95,2,2.2,7.75,VFL BERN  VFL COPENHAGEN,Wed 14:56,0,0,1.55,2.25,2.65,1.4,5.5,1.12,0,0,15,53:27.5,Wed 14:53,,,
2.95,2.6,3.1,3.25,3.2,2.15,2.35,1.95,7,VFL VIENNA  VFL COPENHAGEN,Wed 15:01,1.1,7,1.75,2,0,1.3,0,0,0,0,16,58:03.6,Wed 14:58,,,
1.85,4.2,3.75,2.4,4.25,2.35,1.6,2.4,21,VFL BERLIN  VFL ROME,Wed 15:01,0,0,1.2,4,1.7,2.05,2.8,1.4,0,0,16,58:03.6,Wed 14:58,,,
3,2.5,3.2,3.25,3.1,2.2,2.25,2,7.5,VFL BRUSSELS  VFL OSLO,Wed 15:01,0,0,1.5,2.4,2.45,1.5,4.75,1.15,0,0,16,58:03.6,Wed 14:58,,,
3.8,1.85,4.05,3.8,2.25,2.65,2.15,1.7,27,VFL PARIS  VFL MADRID,Wed 15:01,0,0,0,0,1.5,2.45,2.3,1.55,4.1,1.2,16,58:03.6,Wed 14:58,,,
1.75,4.85,3.7,2.15,4.5,2.6,1.6,2.7,10.75,VFL AMSTERDAM  VFL LISBON,Wed 15:01,0,0,1.35,3,2.05,1.7,3.65,1.25,0,0,16,58:03.6,Wed 14:58,,,
3.05,2.35,3.3,3.5,2.7,2.4,2.3,1.85,9,VFL BERN  VFL ATHENS,Wed 15:01,0,0,1.45,2.65,2.4,1.5,4.7,1.15,0,0,16,58:03.6,Wed 14:58,,,
2.3,2.6,4.3,2.8,3,2.55,1.85,2.05,21,VFL EDINBURGH  VFL STOCKHOLM,Wed 15:01,0,0,1.18,4.25,1.55,2.25,2.4,1.5,0,0,16,58:03.6,Wed 14:58,,,
1.35,7.75,5.75,1.6,7,3.25,1.3,3.6,24,VFL LONDON  VFL ANKARA,Wed 15:01,0,0,0,0,1.6,2.2,2.55,1.45,4.45,1.16,16,58:03.6,Wed 14:58,,,
6.25,1.65,3.5,5.75,2.15,2.3,3.25,1.5,10.25,VFL COPENHAGEN  VFL LONDON,Wed 15:05,0,0,1.4,2.8,2.25,1.55,4.2,1.18,0,0,17,02:36.0,Wed 15:02,,,
1.4,7.75,5,1.65,5.75,3.3,1.35,3.3,19.75,VFL ROME  VFL BERN,Wed 15:05,0,0,1.16,4.45,1.65,2.1,2.7,1.4,0,0,17,02:36.0,Wed 15:02,,,
1.65,5.5,3.75,2.1,4.4,2.7,1.55,2.7,16,VFL OSLO  VFL PARIS,Wed 15:05,0,0,1.2,4.1,1.7,2,2.7,1.4,0,0,17,02:36.0,Wed 15:02,,,
2.1,3.25,3.8,2.25,3.1,3.25,1.75,2.1,22,VFL MADRID  VFL AMSTERDAM,Wed 15:05,0,0,0,0,1.5,2.4,2.3,1.55,4.25,1.18,17,02:36.0,Wed 15:02,,,
1.85,4.55,3.5,2.45,4.55,2.2,1.65,2.85,8,VFL ATHENS  VFL VIENNA,Wed 15:05,0,0,1.45,2.5,2.35,1.5,4.4,1.18,0,0,17,02:36.0,Wed 15:02,,,
2.15,3.2,3.75,2.4,4.1,2.35,1.75,2.3,12.5,VFL ANKARA  VFL EDINBURGH,Wed 15:05,0,0,1.3,3.1,1.95,1.75,3.45,1.25,0,0,17,02:36.0,Wed 15:02,,,
2.55,2.95,3.15,3.3,3.5,2.05,2.05,2.05,9,VFL STOCKHOLM  VFL BRUSSELS,Wed 15:05,0,0,1.4,2.7,2.35,1.55,4.8,1.15,0,0,17,02:36.0,Wed 15:02,,,
2.45,2.55,4.05,2.85,3.05,2.5,1.9,2.1,11.5,VFL LISBON  VFL BERLIN,Wed 15:05,0,0,1.4,2.8,2.2,1.6,3.75,1.22,0,0,17,02:36.0,Wed 15:02,,,
1.55,6,4.2,1.8,6,2.8,1.35,3.35,17.5,VFL LONDON  VFL ATHENS,Wed 15:10,0,0,1.22,3.7,1.8,1.9,2.9,1.35,0,0,18,07:12.4,Wed 15:07,,,
1.65,4.15,4.8,2.1,5,2.45,1.45,2.7,34,VFL AMSTERDAM  VFL OSLO,Wed 15:10,0,0,1.22,3.9,1.8,1.9,3,1.35,0,0,18,07:12.4,Wed 15:07,,,
2.2,3.35,3.35,2.7,3.8,2.2,1.85,2.2,11.5,VFL EDINBURGH  VFL COPENHAGEN,Wed 15:10,0,0,1.45,2.6,2.55,1.45,4.85,1.14,0,0,18,07:12.4,Wed 15:07,,,
2.6,2.5,3.85,2.9,3.1,2.4,1.85,2.1,16.5,VFL LISBON  VFL MADRID,Wed 15:10,0,0,1.25,3.6,1.8,1.9,3.15,1.3,0,0,18,07:12.4,Wed 15:07,,,
1.35,9.5,4.85,1.6,7.75,3,1.3,3.95,14.75,VFL BERLIN  VFL BERN,Wed 15:10,0,0,1.22,3.9,1.75,1.95,3.15,1.3,0,0,18,07:12.4,Wed 15:07,,,
1.7,5.75,3.6,2.2,5.5,2.25,1.55,2.95,10,VFL BRUSSELS  VFL ANKARA,Wed 15:10,0,0,1.45,2.65,2.45,1.5,4.85,1.14,0,0,18,07:12.4,Wed 15:07,,,
1.85,3.45,4.55,2.3,4.05,2.5,1.6,2.35,32,VFL PARIS  VFL STOCKHOLM,Wed 15:10,0,0,0,0,1.55,2.3,2.4,1.5,4.25,1.18,18,07:12.4,Wed 15:07,,,
4.2,1.9,3.45,4.2,2.25,2.5,2.55,1.65,11.5,VFL VIENNA  VFL ROME,Wed 15:10,0,0,1.35,3.05,2.05,1.7,3.75,1.22,0,0,18,07:12.4,Wed 15:07,,,
1.9,3.65,4.1,2.3,3.55,2.7,1.65,2.3,20,VFL MADRID  VFL BERLIN,Wed 15:15,0,0,1.2,4.1,1.55,2.25,2.5,1.45,0,0,19,11:47.6,Wed 15:11,,,
2.4,3.05,3.25,3.3,3.7,1.95,2,2.25,7.25,VFL BERN  VFL VIENNA,Wed 15:15,0,0,1.6,2.25,2.8,1.4,5.5,1.12,0,0,19,11:47.6,Wed 15:11,,,
2.2,2.95,3.95,2.5,3.45,2.55,1.75,2.1,30,VFL ROME  VFL LONDON,Wed 15:15,0,0,0,0,1.55,2.35,2.3,1.55,4.05,1.2,19,11:47.6,Wed 15:11,,,
2.95,2.3,3.6,3.1,2.7,2.55,2.05,1.85,22,VFL ANKARA  VFL PARIS,Wed 15:15,0,0,0,0,1.65,2.15,2.4,1.5,4.15,1.18,19,11:47.6,Wed 15:11,,,
3.3,2.7,2.65,3.2,3.65,2.05,2.25,2.3,5,VFL COPENHAGEN  VFL BRUSSELS,Wed 15:15,1.18,5,1.85,1.9,0,1.22,0,0,0,0,19,11:47.6,Wed 15:11,,,
1.8,4,4.1,2.3,4.5,2.35,1.6,2.5,15,VFL ATHENS  VFL EDINBURGH,Wed 15:15,0,0,1.25,3.4,1.85,1.85,3.4,1.3,0,0,19,11:47.6,Wed 15:11,,,
4.15,1.75,4.15,4.05,2,2.95,2.35,1.6,26,VFL STOCKHOLM  VFL AMSTERDAM,Wed 15:15,0,0,0,0,1.6,2.15,2.35,1.5,4.4,1.18,19,11:47.6,Wed 15:11,,,
2.35,3.1,3.35,2.75,3.35,2.35,1.85,2.25,11.25,VFL OSLO  VFL LISBON,Wed 15:15,0,0,1.35,2.9,2.05,1.7,3.55,1.25,0,0,19,11:47.6,Wed 15:11,,,
1.25,10,6.5,1.5,8.25,3.55,1.22,4.6,21,VFL LONDON  VFL BERN,Wed 15:19,0,0,0,0,1.55,2.25,2.5,1.45,4.2,1.18,20,16:20.3,Wed 15:16,,,
1.35,9.75,4.75,1.7,11.5,2.5,1.3,5,10.5,VFL BERLIN  VFL VIENNA,Wed 15:19,0,0,1.35,2.95,2.15,1.65,3.8,1.22,0,0,20,16:20.3,Wed 15:16,,,
1.3,10,5.25,1.65,8.5,2.75,1.3,4.05,16.5,VFL AMSTERDAM  VFL ANKARA,Wed 15:19,0,0,1.22,3.9,1.65,2.1,2.75,1.4,0,0,20,16:20.3,Wed 15:16,,,
2.15,3.6,3.3,2.65,4.5,2.05,1.8,2.55,7,VFL BRUSSELS  VFL ATHENS,Wed 15:19,1.12,7,1.55,2.35,0,1.4,0,0,0,0,20,16:20.3,Wed 15:16,,,
3.9,1.85,4,4.55,2,2.8,2.65,1.5,19.75,VFL EDINBURGH  VFL ROME,Wed 15:19,0,0,1.15,4.7,1.6,2.2,2.55,1.45,0,0,20,16:20.3,Wed 15:16,,,
1.8,4.15,3.95,2,4.9,2.6,1.45,3,13.75,VFL PARIS  VFL COPENHAGEN,Wed 15:19,0,0,1.35,2.95,2.2,1.6,4.3,1.18,0,0,20,16:20.3,Wed 15:16,,,
1.7,4.35,4.25,2.1,3.8,2.95,1.65,2.3,23,VFL MADRID  VFL OSLO,Wed 15:19,0,0,0,0,1.55,2.35,2.35,1.55,4.1,1.2,20,16:20.3,Wed 15:16,,,
1.6,5.5,4.15,1.8,5.75,2.85,1.45,3.05,16.5,VFL LISBON  VFL STOCKHOLM,Wed 15:19,0,0,1.22,3.75,1.75,2,2.8,1.4,0,0,20,16:20.3,Wed 15:16,,,
4.2,1.65,4.65,3.65,1.95,3.45,2.35,1.55,56,VFL STOCKHOLM  VFL MADRID,Wed 15:24,0,0,0,0,1.4,2.7,2.1,1.65,3.75,1.22,21,20:57.6,Wed 15:20,,,
6,1.7,3.5,6,2.1,2.25,3.4,1.5,8.75,VFL COPENHAGEN  VFL AMSTERDAM,Wed 15:24,0,0,1.5,2.4,2.6,1.45,4.6,1.16,0,0,21,20:57.6,Wed 15:20,,,
5.5,1.6,4.05,4.8,1.9,2.95,3,1.45,16,VFL VIENNA  VFL LONDON,Wed 15:24,0,0,1.25,3.55,1.9,1.8,3.25,1.3,0,0,21,20:57.6,Wed 15:20,,,
2.3,3.25,3.25,2.55,3.5,2.5,1.7,2.35,13.75,VFL ATHENS  VFL PARIS,Wed 15:24,0,0,1.22,3.75,1.95,1.8,3.3,1.3,0,0,21,20:57.6,Wed 15:20,,,
4.1,1.9,3.5,5,2.2,2.35,2.85,1.6,10.25,VFL ANKARA  VFL LISBON,Wed 15:24,0,0,1.4,2.8,2.1,1.65,3.7,1.25,0,0,21,20:57.6,Wed 15:20,,,
2.45,2.55,4,2.95,3,2.45,2.05,1.85,19.75,VFL OSLO  VFL BERLIN,Wed 15:24,0,0,1.25,3.45,1.9,1.8,3.25,1.3,0,0,21,20:57.6,Wed 15:20,,,
1.75,4.3,4.15,2.2,4.1,2.6,1.6,2.55,15.25,VFL ROME  VFL BRUSSELS,Wed 15:24,0,0,1.3,3.2,2.05,1.65,3.7,1.25,0,0,21,20:57.6,Wed 15:20,,,
2.55,2.85,3.25,2.65,3.6,2.35,1.95,2.1,10.75,VFL BERN  VFL EDINBURGH,Wed 15:24,0,0,1.35,2.9,2.25,1.6,4.2,1.18,0,0,21,20:57.6,Wed 15:20,,,
1.6,5.25,4.4,2,4.4,2.8,1.5,2.65,26,VFL OSLO  VFL STOCKHOLM,Wed 15:28,0,0,1.18,4.35,1.55,2.3,2.5,1.45,0,0,22,25:29.3,Wed 15:25,,,
1.65,6.25,3.45,2.15,6.75,2.15,1.55,3.35,8,VFL BRUSSELS  VFL BERN,Wed 15:28,0,0,1.4,2.7,2.45,1.5,4.35,1.18,0,0,22,25:29.3,Wed 15:25,,,
1.65,7,3.4,2.1,7,2.15,1.45,4.1,7,VFL LISBON  VFL COPENHAGEN,Wed 15:28,1.1,7,1.55,2.3,0,1.4,0,0,0,0,22,25:29.3,Wed 15:25,,,
1.4,7,5,1.85,6.25,2.7,1.4,3.3,15,VFL AMSTERDAM  VFL ATHENS,Wed 15:28,0,0,1.3,3.3,1.8,1.9,3.35,1.3,0,0,22,25:29.3,Wed 15:25,,,
1.35,8.5,5.25,1.65,8,2.9,1.35,3.4,23,VFL MADRID  VFL ANKARA,Wed 15:28,0,0,0,0,1.55,2.25,2.5,1.5,4.65,1.16,22,25:29.3,Wed 15:25,,,
2.8,2.15,4.35,3.45,2.65,2.4,2.2,1.7,23,VFL PARIS  VFL ROME,Wed 15:28,0,0,1.2,4.15,1.6,2.15,2.65,1.4,0,0,22,25:29.3,Wed 15:25,,,
2.05,3.75,3.4,2.65,4.4,2.1,1.7,2.7,8.25,VFL EDINBURGH  VFL VIENNA,Wed 15:28,0,0,1.5,2.35,2.45,1.5,4.75,1.15,0,0,22,25:29.3,Wed 15:25,,,
2.1,3.55,3.45,2.5,3.35,2.65,1.7,2.2,20,VFL BERLIN  VFL LONDON,Wed 15:28,0,0,1.18,4.3,1.8,1.95,2.95,1.35,0,0,22,25:29.3,Wed 15:25,,,
5.25,1.75,3.55,6.5,2,2.35,3.35,1.5,8.75,VFL COPENHAGEN  VFL MADRID,Wed 15:33,0,0,1.4,2.65,2.25,1.55,4,1.2,0,0,23,30:06.7,Wed 15:30,,,
4.4,2,3.15,5.25,2.65,1.95,2.85,1.75,6.5,VFL VIENNA  VFL BRUSSELS,Wed 15:33,1.12,6.5,1.6,2.25,0,1.35,0,0,0,0,23,30:06.7,Wed 15:30,,,
2.55,2.65,3.65,2.75,3.4,2.35,1.85,2.05,18.75,VFL ROME  VFL AMSTERDAM,Wed 15:33,0,0,1.2,4.1,1.65,2.1,2.7,1.4,0,0,23,30:06.7,Wed 15:30,,,
3.75,1.85,4.15,3.8,2.35,2.6,2.5,1.6,18.25,VFL ANKARA  VFL OSLO,Wed 15:33,0,0,1.25,3.7,1.85,1.85,3.35,1.3,0,0,23,30:06.7,Wed 15:30,,,
3.1,2.3,3.45,3.35,3.05,2.2,2.25,1.9,9.25,VFL ATHENS  VFL LISBON,Wed 15:33,0,0,1.45,2.55,2.4,1.5,4.85,1.15,0,0,23,30:06.7,Wed 15:30,,,
1.3,9.25,5.5,1.6,9,2.85,1.25,4.1,23,VFL LONDON  VFL EDINBURGH,Wed 15:33,0,0,0,0,1.5,2.4,2.3,1.55,4,1.2,23,30:06.7,Wed 15:30,,,
4.1,1.85,3.85,4.4,2.15,2.6,2.5,1.55,19.5,VFL STOCKHOLM  VFL BERLIN,Wed 15:33,0,0,1.2,4.1,1.7,2.05,2.85,1.4,0,0,23,30:06.7,Wed 15:30,,,
3.4,2.1,3.6,3.9,2.6,2.3,2.5,1.65,14,VFL BERN  VFL PARIS,Wed 15:33,0,0,1.3,3.2,1.9,1.8,3.3,1.3,0,0,23,30:06.7,Wed 15:30,,,
1.8,3.75,4.35,2.15,4.55,2.55,1.55,2.5,22,VFL STOCKHOLM  VFL ANKARA,Wed 15:37,0,0,1.18,4.15,1.6,2.2,2.6,1.45,0,0,24,34:39.3,Wed 15:34,,,
3.55,2.2,3.2,4.5,2.4,2.25,2.6,1.65,10.5,VFL BRUSSELS  VFL LONDON,Wed 15:37,0,0,1.35,2.9,2.3,1.55,3.95,1.22,0,0,24,34:39.3,Wed 15:34,,,
1.3,9.25,5.75,1.6,7.75,3,1.3,3.6,23,VFL BERLIN  VFL EDINBURGH,Wed 15:37,0,0,1.16,4.45,1.6,2.15,2.65,1.45,0,0,24,34:39.3,Wed 15:34,,,
1.5,7,4.1,1.9,7,2.45,1.4,4,9.5,VFL OSLO  VFL COPENHAGEN,Wed 15:37,0,0,1.4,2.65,2.25,1.55,4.15,1.2,0,0,24,34:39.3,Wed 15:34,,,
1.65,5.5,3.9,2.15,5.5,2.3,1.6,2.7,10.5,VFL PARIS  VFL VIENNA,Wed 15:37,0,0,1.3,3.15,1.95,1.75,3.75,1.22,0,0,24,34:39.3,Wed 15:34,,,
2.25,3.1,3.5,2.9,3.7,2.15,1.9,2.05,13,VFL LISBON  VFL ROME,Wed 15:37,0,0,1.35,2.9,2.2,1.6,4,1.2,0,0,24,34:39.3,Wed 15:34,,,
1.3,9.75,5.75,1.55,7.75,3.25,1.3,3.95,17,VFL AMSTERDAM  VFL BERN,Wed 15:37,0,0,1.18,4.2,1.65,2.1,3,1.35,0,0,24,34:39.3,Wed 15:34,,,
1.35,7.5,5.25,1.7,8.25,2.7,1.3,3.65,25,VFL MADRID  VFL ATHENS,Wed 15:37,0,0,0,0,1.65,2.15,2.5,1.45,4.15,1.2,24,34:39.3,Wed 15:34,,,
6,1.65,3.55,6.5,2.05,2.3,3.45,1.5,8.25,VFL VIENNA  VFL AMSTERDAM,Wed 15:42,0,0,1.45,2.55,2.25,1.55,4.35,1.18,0,0,25,39:11.7,Wed 15:39,,,
5,1.7,3.9,5.25,2.05,2.45,2.85,1.55,10.75,VFL ANKARA  VFL BERLIN,Wed 15:42,0,0,1.3,3.15,2.05,1.7,3.7,1.25,0,0,25,39:11.7,Wed 15:39,,,
1.65,4.9,4.15,1.95,5,2.75,1.5,2.7,21,VFL LONDON  VFL PARIS,Wed 15:42,0,0,0,0,1.55,2.3,2.35,1.55,4.15,1.2,25,39:11.7,Wed 15:39,,,
2.95,2.5,3.2,3.1,3.05,2.3,2.1,2.05,8.25,VFL EDINBURGH  VFL BRUSSELS,Wed 15:42,0,0,1.45,2.6,2.3,1.55,4.7,1.15,0,0,25,39:11.7,Wed 15:39,,,
2.45,2.75,3.6,3.3,4,1.9,2,2.1,9.25,VFL COPENHAGEN  VFL STOCKHOLM,Wed 15:42,0,0,1.45,2.65,2.3,1.55,4.3,1.18,0,0,25,39:11.7,Wed 15:39,,,
4.95,1.7,3.8,5.25,2,2.55,3.35,1.45,10.75,VFL BERN  VFL LISBON,Wed 15:42,0,0,1.35,2.85,2.3,1.55,4,1.2,0,0,25,39:11.7,Wed 15:39,,,
2.35,2.6,4.15,2.65,2.8,2.85,1.95,1.95,19.5,VFL ROME  VFL MADRID,Wed 15:42,0,0,0,0,1.5,2.35,2.25,1.55,4.05,1.2,25,39:11.7,Wed 15:39,,,
3.35,2.15,3.55,3.35,2.65,2.45,2.2,1.85,12.25,VFL ATHENS  VFL OSLO,Wed 15:42,0,0,1.3,3.25,2.05,1.7,3.55,1.25,0,0,25,39:11.7,Wed 15:39,,,
1.65,4.45,4.4,1.85,5.5,2.8,1.4,3.3,18,VFL PARIS  VFL EDINBURGH,Wed 15:47,0,0,1.2,4,1.7,2.05,2.55,1.45,0,0,26,43:43.4,Wed 15:43,,,
1.3,9.25,6.25,1.55,8.25,3.15,1.25,3.7,37,VFL MADRID  VFL BERN,Wed 15:47,0,0,0,0,1.55,2.3,2.5,1.45,4.3,1.18,26,43:43.4,Wed 15:43,,,
2.65,2.95,3,3.3,3.8,1.95,2.15,2.15,6.75,VFL ANKARA  VFL COPENHAGEN,Wed 15:47,0,0,1.55,2.25,2.7,1.4,5.25,1.12,0,0,26,43:43.4,Wed 15:43,,,
2,3.4,3.85,2.45,3.95,2.4,1.7,2.25,21,VFL STOCKHOLM  VFL ATHENS,Wed 15:47,0,0,1.2,3.95,1.65,2.1,2.85,1.4,0,0,26,43:43.4,Wed 15:43,,,
2.1,2.95,4.2,2.5,3.2,2.7,1.75,2.2,17.75,VFL AMSTERDAM  VFL LONDON,Wed 15:47,0,0,1.22,3.85,1.7,2.05,2.8,1.4,0,0,26,43:43.4,Wed 15:43,,,
2.05,3.6,3.5,2.35,3.9,2.55,1.7,2.3,18.25,VFL OSLO  VFL ROME,Wed 15:47,0,0,1.22,3.85,1.7,2.05,2.6,1.45,0,0,26,43:43.4,Wed 15:43,,,
1.7,6.25,3.4,2.2,5.5,2.25,1.5,3.25,8.5,VFL BERLIN  VFL BRUSSELS,Wed 15:47,0,0,1.35,2.9,2.2,1.6,4.05,1.2,0,0,26,43:43.4,Wed 15:43,,,
1.45,9,3.9,1.9,8.75,2.25,1.4,4.2,8.75,VFL LISBON  VFL VIENNA,Wed 15:47,0,0,1.4,2.65,2.45,1.5,4.65,1.16,0,0,26,43:43.4,Wed 15:43,,,
2,3.8,3.55,2.25,4.45,2.45,1.7,2.5,10.75,VFL LONDON  VFL LISBON,Wed 15:51,0,0,1.35,2.95,1.95,1.8,3.2,1.3,0,0,27,48:14.8,Wed 15:48,,,
6,1.6,3.75,7,1.9,2.4,3.55,1.45,9,VFL COPENHAGEN  VFL BERLIN,Wed 15:51,0,0,1.5,2.4,2.35,1.55,4.45,1.16,0,0,27,48:14.8,Wed 15:48,,,
1.5,5.25,5.25,1.75,4.9,3.3,1.45,2.8,37,VFL ROME  VFL STOCKHOLM,Wed 15:51,0,0,0,0,1.45,2.55,2.2,1.6,3.65,1.25,27,48:14.8,Wed 15:48,,,
5,1.75,3.55,4.7,2.2,2.45,2.95,1.5,12,VFL BERN  VFL OSLO,Wed 15:51,0,0,1.3,3.1,2.05,1.7,3.4,1.25,0,0,27,48:14.8,Wed 15:48,,,
1.9,4.45,3.35,2.5,4.55,2.15,1.65,2.6,10,VFL ATHENS  VFL ANKARA,Wed 15:51,0,0,1.35,2.85,2.2,1.6,3.7,1.25,0,0,27,48:14.8,Wed 15:48,,,
2.2,2.85,4.05,2.7,3.85,2.2,1.8,2.2,13.75,VFL BRUSSELS  VFL PARIS,Wed 15:51,0,0,1.45,2.6,2.3,1.55,4.6,1.16,0,0,27,48:14.8,Wed 15:48,,,
4.85,1.65,4.2,5,2,2.65,3,1.5,13.75,VFL EDINBURGH  VFL AMSTERDAM,Wed 15:51,0,0,1.22,3.9,1.75,2,3.05,1.35,0,0,27,48:14.8,Wed 15:48,,,
5,1.55,4.7,5.75,1.75,3,3.25,1.45,13.75,VFL VIENNA  VFL MADRID,Wed 15:51,0,0,1.3,3.2,1.9,1.8,3.6,1.25,0,0,27,48:14.8,Wed 15:48,,,
1.85,3.5,4.45,2.15,3.25,3.25,1.65,2.25,30,VFL MADRID  VFL LONDON,Wed 15:56,0,0,0,0,1.5,2.45,2.2,1.6,3.9,1.22,28,52:44.0,Wed 15:52,,,
3.2,2.65,2.75,3.9,3.15,2,2.45,2.05,5.5,VFL COPENHAGEN  VFL ATHENS,Wed 15:56,1.15,5.5,1.65,2.15,0,1.35,0,0,0,0,28,52:44.0,Wed 15:52,,,
1.4,7.5,5,1.65,8.75,2.75,1.35,3.6,17.75,VFL LISBON  VFL EDINBURGH,Wed 15:56,0,0,1.25,3.65,1.8,1.9,2.95,1.35,0,0,28,52:44.0,Wed 15:52,,,
1.55,4.8,4.85,2.05,4.8,2.65,1.45,2.85,20,VFL STOCKHOLM  VFL BERN,Wed 15:56,0,0,1.18,4.4,1.6,2.2,2.7,1.4,0,0,28,52:44.0,Wed 15:52,,,
1.55,6.75,3.85,2.1,7.25,2.15,1.5,3.55,8.25,VFL AMSTERDAM  VFL BRUSSELS,Wed 15:56,0,0,1.4,2.7,2.15,1.6,3.9,1.22,0,0,28,52:44.0,Wed 15:52,,,
1.45,9.75,4.05,1.8,7.75,2.55,1.35,3.8,14,VFL OSLO  VFL VIENNA,Wed 15:56,0,0,1.25,3.5,1.9,1.8,3.65,1.25,0,0,28,52:44.0,Wed 15:52,,,
3.15,2.05,4.15,3.25,2.65,2.55,2.15,1.85,13.25,VFL ANKARA  VFL ROME,Wed 15:56,0,0,1.22,3.7,1.85,1.85,3.35,1.3,0,0,28,52:44.0,Wed 15:52,,,
1.45,6.25,4.8,1.75,6,2.9,1.4,3.1,18.75,VFL BERLIN  VFL PARIS,Wed 15:56,0,0,1.18,4.2,1.6,2.25,2.55,1.45,0,0,28,52:44.0,Wed 15:52,,,
3.85,1.8,4.25,4.1,2.1,2.8,2.65,1.5,20,VFL PARIS  VFL AMSTERDAM,Wed 16:00,0,0,1.22,3.9,1.7,2.05,3,1.35,0,0,29,57:14.0,Wed 15:57,,,
2.1,3.65,3.4,2.4,3.7,2.55,1.75,2.2,18.75,VFL LONDON  VFL OSLO,Wed 16:00,0,0,1.22,3.85,1.75,2,2.85,1.35,0,0,29,57:14.0,Wed 15:57,,,
5,1.55,4.75,6.25,1.8,2.75,3.4,1.35,24,VFL EDINBURGH  VFL MADRID,Wed 16:00,0,0,1.22,3.95,1.65,2.1,2.5,1.45,0,0,29,57:14.0,Wed 15:57,,,
1.5,6.5,4.3,1.85,6.75,2.55,1.4,3.4,12.25,VFL ROME  VFL COPENHAGEN,Wed 16:00,0,0,1.3,3.25,1.9,1.8,3.25,1.3,0,0,29,57:14.0,Wed 15:57,,,
2.5,3,3.15,3.1,3.9,2,1.85,2.25,9.25,VFL BERN  VFL ANKARA,Wed 16:00,0,0,1.4,2.7,2.35,1.55,4.15,1.2,0,0,29,57:14.0,Wed 15:57,,,
2.8,2.4,3.6,3.05,2.95,2.4,2.05,1.95,12,VFL VIENNA  VFL STOCKHOLM,Wed 16:00,0,0,1.3,3.2,2.05,1.7,3.65,1.25,0,0,29,57:14.0,Wed 15:57,,,
3,2.5,3.1,3.75,3.45,1.9,2.1,2.1,7.5,VFL BRUSSELS  VFL LISBON,Wed 16:00,0,0,1.55,2.25,2.7,1.4,5.75,1.1,0,0,29,57:14.0,Wed 15:57,,,
3.5,2.05,3.6,3.9,2.5,2.35,2.25,1.75,16.25,VFL ATHENS  VFL BERLIN,Wed 16:00,0,0,1.3,3.15,2.1,1.65,3.8,1.22,0,0,29,57:14.0,Wed 15:57,,,
1.45,6,5,1.9,6.75,2.5,1.35,3.4,16.25,VFL MADRID  VFL BRUSSELS,Wed 16:05,0,0,1.22,3.75,1.75,1.95,3.1,1.3,0,0,30,01:43.1,Wed 16:01,,,
2.4,2.95,3.45,2.8,3.1,2.5,1.9,2.15,11.75,VFL BERLIN  VFL AMSTERDAM,Wed 16:05,0,0,1.3,3.25,1.95,1.8,3.35,1.3,0,0,30,01:43.1,Wed 16:01,,,
1.4,7.75,5,1.8,7.75,2.55,1.35,3.3,21,VFL OSLO  VFL EDINBURGH,Wed 16:05,0,0,1.22,3.9,1.7,2,2.6,1.45,0,0,30,01:43.1,Wed 16:01,,,
3.45,2,3.75,3.45,2.4,2.65,2.2,1.75,17.75,VFL ATHENS  VFL ROME,Wed 16:05,0,0,1.25,3.65,1.8,1.9,3.25,1.3,0,0,30,01:43.1,Wed 16:01,,,
1.7,4.35,4.25,2,4.3,2.9,1.5,2.75,17.75,VFL LISBON  VFL PARIS,Wed 16:05,0,0,1.25,3.45,1.9,1.8,3.3,1.3,0,0,30,01:43.1,Wed 16:01,,,
2,3.65,3.7,2.5,4.7,2.15,1.65,2.65,9.75,VFL ANKARA  VFL VIENNA,Wed 16:05,0,0,1.4,2.7,2.2,1.6,4.4,1.18,0,0,30,01:43.1,Wed 16:01,,,
3.55,1.85,4.4,3.4,2.35,2.8,2.2,1.7,28,VFL STOCKHOLM  VFL LONDON,Wed 16:05,0,0,0,0,1.4,2.7,2.2,1.6,3.9,1.22,30,01:43.1,Wed 16:01,,,
1.9,4.7,3.2,2.4,5.5,2.05,1.65,2.85,7.5,VFL COPENHAGEN  VFL BERN,Wed 16:05,0,0,1.5,2.45,2.75,1.4,5.75,1.1,0,0,30,01:43.1,Wed 16:01,,,
1.4,7,5.25,1.85,6.5,2.6,1.4,3.25,15,VFL AMSTERDAM  VFL ATHENS,Wed 16:13,0,0,1.3,3.3,1.8,1.9,3.3,1.3,0,0,1,06:13.2,Wed 16:06,,,
3.65,2.1,3.3,3.95,2.5,2.35,2.4,1.8,9.25,VFL BRUSSELS  VFL BERLIN,Wed 16:13,0,0,1.45,2.65,2.4,1.5,5,1.14,0,0,1,06:13.2,Wed 16:06,,,
3.7,1.8,4.45,3.45,2.3,2.85,2.2,1.65,27,VFL STOCKHOLM  VFL LONDON,Wed 16:13,0,0,0,0,1.45,2.6,2.3,1.55,4,1.2,1,06:13.2,Wed 16:06,,,
1.25,9,6.75,1.5,8,3.5,1.25,3.8,46,VFL MADRID  VFL EDINBURGH,Wed 16:13,0,0,0,0,1.35,2.85,2.1,1.65,3.5,1.25,1,06:13.2,Wed 16:06,,,
4.05,1.9,3.65,4.3,2.6,2.15,2.6,1.7,9.25,VFL COPENHAGEN  VFL OSLO,Wed 16:13,0,0,1.5,2.4,2.7,1.4,5.25,1.12,0,0,1,06:13.2,Wed 16:06,,,
1.6,5.75,3.9,2.1,5.5,2.4,1.6,2.8,10.5,VFL PARIS  VFL VIENNA,Wed 16:13,0,0,1.3,3.2,1.95,1.8,3.65,1.25,0,0,1,06:13.2,Wed 16:06,,,
1.4,7.5,5,1.65,5.75,3.35,1.35,3.35,19.25,VFL ROME  VFL BERN,Wed 16:13,0,0,1.18,4.4,1.65,2.1,2.75,1.4,0,0,1,06:13.2,Wed 16:06,,,
4.2,1.95,3.4,5,2.2,2.35,2.85,1.6,9.75,VFL ANKARA  VFL LISBON,Wed 16:13,0,0,1.4,2.8,2.15,1.65,3.75,1.22,0,0,1,06:13.2,Wed 16:06,,,
1.4,7,5.25,1.85,6.5,2.6,1.4,3.25,15,VFL AMSTERDAM  VFL ATHENS,Wed 16:13,0,0,1.3,3.3,1.8,1.9,3.3,1.3,0,0,1,10:46.7,Wed 16:10,,,
3.65,2.1,3.3,3.95,2.5,2.35,2.4,1.8,9.25,VFL BRUSSELS  VFL BERLIN,Wed 16:13,0,0,1.45,2.65,2.4,1.5,5,1.14,0,0,1,10:46.7,Wed 16:10,,,
3.7,1.8,4.45,3.45,2.3,2.85,2.2,1.65,27,VFL STOCKHOLM  VFL LONDON,Wed 16:13,0,0,0,0,1.45,2.6,2.3,1.55,4,1.2,1,10:46.7,Wed 16:10,,,
1.25,9,6.75,1.5,8,3.5,1.25,3.8,46,VFL MADRID  VFL EDINBURGH,Wed 16:13,0,0,0,0,1.35,2.85,2.1,1.65,3.5,1.25,1,10:46.7,Wed 16:10,,,
4.05,1.9,3.65,4.3,2.6,2.15,2.6,1.7,9.25,VFL COPENHAGEN  VFL OSLO,Wed 16:13,0,0,1.5,2.4,2.7,1.4,5.25,1.12,0,0,1,10:46.7,Wed 16:10,,,
1.6,5.75,3.9,2.1,5.5,2.4,1.6,2.8,10.5,VFL PARIS  VFL VIENNA,Wed 16:13,0,0,1.3,3.2,1.95,1.8,3.65,1.25,0,0,1,10:46.7,Wed 16:10,,,
1.4,7.5,5,1.65,5.75,3.35,1.35,3.35,19.25,VFL ROME  VFL BERN,Wed 16:13,0,0,1.18,4.4,1.65,2.1,2.75,1.4,0,0,1,10:46.7,Wed 16:10,,,
4.2,1.95,3.4,5,2.2,2.35,2.85,1.6,9.75,VFL ANKARA  VFL LISBON,Wed 16:13,0,0,1.4,2.8,2.15,1.65,3.75,1.22,0,0,1,10:46.7,Wed 16:10,,,
2.5,2.6,3.75,2.9,3.1,2.4,1.95,1.9,22,VFL OSLO  VFL MADRID,Wed 16:18,0,0,0,0,1.55,2.3,2.55,1.45,4.3,1.18,2,15:23.7,Wed 16:15,,,
1.85,5,3.15,2.3,5.5,2.15,1.65,2.85,8,VFL LONDON  VFL BRUSSELS,Wed 16:18,0,0,1.35,2.85,2.2,1.6,3.9,1.22,0,0,2,15:23.7,Wed 16:15,,,
3.5,2,3.85,3.45,2.45,2.65,2.2,1.75,16.75,VFL ATHENS  VFL ROME,Wed 16:18,0,0,1.25,3.5,1.85,1.85,3.3,1.3,0,0,2,15:23.7,Wed 16:15,,,
2.5,2.8,3.4,3.2,3.85,1.95,2,2.2,7.75,VFL BERN  VFL COPENHAGEN,Wed 16:18,0,0,1.6,2.25,2.7,1.4,5.75,1.1,0,0,2,15:23.7,Wed 16:15,,,
2.75,2.4,3.65,3.05,2.9,2.45,2,1.95,12.5,VFL VIENNA  VFL STOCKHOLM,Wed 16:18,0,0,1.3,3.3,2,1.75,3.6,1.25,0,0,2,15:23.7,Wed 16:15,,,
1.35,9,5.25,1.7,7,2.9,1.25,4.8,13,VFL BERLIN  VFL ANKARA,Wed 16:18,0,0,1.25,3.45,1.7,2,3.05,1.35,0,0,2,15:23.7,Wed 16:15,,,
3,2.2,3.8,3.65,2.35,2.65,2.25,1.75,16.75,VFL EDINBURGH  VFL PARIS,Wed 16:18,0,0,1.22,3.8,1.65,2.15,2.65,1.4,0,0,2,15:23.7,Wed 16:15,,,
2.45,2.85,3.4,2.7,3.55,2.3,1.9,2.2,9.75,VFL LISBON  VFL AMSTERDAM,Wed 16:18,0,0,1.45,2.65,2.3,1.55,4.25,1.18,0,0,2,15:23.7,Wed 16:15,,,
3.2,2.65,2.75,3.95,3.15,1.95,2.45,2,5.5,VFL COPENHAGEN  VFL ATHENS,Wed 16:22,1.15,5.5,1.65,2.15,0,1.35,0,0,0,0,3,19:52.6,Wed 16:19,,,
2.25,3.15,3.5,2.55,3.35,2.6,1.8,2.15,15.5,VFL ROME  VFL LISBON,Wed 16:22,0,0,1.25,3.5,1.85,1.85,3.05,1.35,0,0,3,19:52.6,Wed 16:19,,,
1.4,7.25,4.9,1.8,8,2.55,1.35,3.35,19,VFL OSLO  VFL EDINBURGH,Wed 16:22,0,0,1.22,3.9,1.7,2.05,2.55,1.45,0,0,3,19:52.6,Wed 16:19,,,
2.2,2.65,4.45,2.8,3.4,2.35,1.8,2.05,26,VFL STOCKHOLM  VFL PARIS,Wed 16:22,0,0,0,0,1.55,2.35,2.3,1.55,3.6,1.25,3,19:52.6,Wed 16:19,,,
1.75,5.75,3.3,2.2,5.75,2.2,1.55,3.4,7,VFL BRUSSELS  VFL VIENNA,Wed 16:22,0,0,1.6,2.25,2.75,1.4,5.5,1.12,0,0,3,19:52.6,Wed 16:19,,,
5.5,1.65,3.9,5.25,2.1,2.45,2.6,1.55,16.75,VFL ANKARA  VFL LONDON,Wed 16:22,0,0,1.16,4.45,1.65,2.05,2.75,1.4,0,0,3,19:52.6,Wed 16:19,,,
2,3.4,3.9,2.3,3.65,2.7,1.7,2.45,12,VFL AMSTERDAM  VFL BERLIN,Wed 16:22,0,0,1.3,3.25,1.85,1.85,3.1,1.3,0,0,3,19:52.6,Wed 16:19,,,
1.3,9.5,6.25,1.55,7.75,3.25,1.25,3.75,37,VFL MADRID  VFL BERN,Wed 16:22,0,0,0,0,1.55,2.3,2.45,1.5,4.3,1.18,3,19:52.6,Wed 16:19,,,
2.3,2.6,4.3,2.8,3,2.55,1.85,2.05,18.25,VFL EDINBURGH  VFL STOCKHOLM,Wed 16:27,0,0,1.2,4.1,1.6,2.2,2.5,1.45,0,0,4,24:22.7,Wed 16:24,,,
2.2,3.05,3.8,2.5,3.6,2.5,1.7,2.2,21,VFL LONDON  VFL AMSTERDAM,Wed 16:27,0,0,1.18,4.35,1.7,2.05,2.9,1.35,0,0,4,24:22.7,Wed 16:24,,,
1.85,4.05,3.85,2.45,4.1,2.35,1.65,2.3,21,VFL BERLIN  VFL ROME,Wed 16:27,0,0,1.2,3.95,1.7,2.05,2.85,1.4,0,0,4,24:22.7,Wed 16:24,,,
4.6,1.75,3.85,4.75,1.95,2.85,2.7,1.5,22,VFL ATHENS  VFL MADRID,Wed 16:27,0,0,1.18,4.25,1.75,2,2.8,1.4,0,0,4,24:22.7,Wed 16:24,,,
4.8,1.8,3.5,4.65,2.25,2.4,2.85,1.55,11,VFL BERN  VFL OSLO,Wed 16:27,0,0,1.3,3.1,2.05,1.7,3.45,1.25,0,0,4,24:22.7,Wed 16:24,,,
2.2,3.4,3.3,2.8,4.1,2.1,1.85,2.25,10.25,VFL PARIS  VFL BRUSSELS,Wed 16:27,0,0,1.4,2.8,2.15,1.65,4,1.2,0,0,4,24:22.7,Wed 16:24,,,
2.3,2.9,3.7,3.1,3.4,2.15,1.9,2.1,11.5,VFL VIENNA  VFL ANKARA,Wed 16:27,0,0,1.4,2.8,2.2,1.6,4.2,1.18,0,0,4,24:22.7,Wed 16:24,,,
1.6,7,3.6,2.05,7.25,2.2,1.4,4.2,7.25,VFL LISBON  VFL COPENHAGEN,Wed 16:27,1.1,7.25,1.6,2.25,0,1.4,0,0,0,0,4,24:22.7,Wed 16:24,,,
0,0,0,3,2.3,3.5,3.1,2.75,2.55,2.1,1.8,23,VFL ANKARA  VFL PARIS,Wed 16:31,0,0,1.18,4.2,1.6,2.2,2.4,1.5,0,0,5,28:53.5,Wed 16:28
0,0,0,1.75,3.85,4.45,2.15,4.6,2.55,1.6,2.6,16,VFL MADRID  VFL LISBON,Wed 16:31,0,0,1.22,3.8,1.7,2.05,2.85,1.35,0,0,5,28:53.5,Wed 16:28
0,0,0,1.85,4,3.75,2.4,3.8,2.5,1.65,2.45,13.5,VFL BRUSSELS  VFL STOCKHOLM,Wed 16:31,0,0,1.3,3.25,2,1.75,3.65,1.25,0,0,5,28:53.5,Wed 16:28
0,0,0,6,1.6,3.7,6.75,1.9,2.4,3.6,1.45,9.25,VFL COPENHAGEN  VFL BERLIN,Wed 16:31,0,0,1.55,2.35,2.4,1.5,4.45,1.16,0,0,5,28:53.5,Wed 16:28
0,0,0,2.2,2.95,4,2.45,3.4,2.6,1.7,2.1,33,VFL ROME  VFL LONDON,Wed 16:31,0,0,0,0,1.5,2.35,2.25,1.55,4.1,1.2,5,28:53.5,Wed 16:28
10.25,6.5,5.5,1.3,13,4.8,1.65,12.25,2.55,0,0,0,VFL AMSTERDAM  VFL VIENNA,Wed 16:31,0,0,1.3,3.2,1.95,1.75,3.55,1.25,0,0,5,28:53.5,Wed 16:28
0,0,0,1.65,5.5,3.95,1.95,5.25,2.65,1.5,2.8,14,VFL OSLO  VFL ATHENS,Wed 16:31,0,0,1.3,3.35,1.95,1.75,3.35,1.3,0,0,5,28:53.5,Wed 16:28
0,0,0,2.5,2.85,3.3,2.65,3.75,2.3,1.9,2.1,11,VFL BERN  VFL EDINBURGH,Wed 16:31,0,0,1.35,2.9,2.25,1.55,4.2,1.18,0,0,5,28:53.5,Wed 16:28
2.2,3.6,3.15,2.6,3.75,2.3,1.75,2.45,9.75,VFL LISBON  VFL OSLO,Wed 16:36,0,0,1.45,2.6,2.6,1.45,4.5,1.16,0,0,6,33:25.0,Wed 16:33,,,
3,2.45,3.2,3.2,2.95,2.3,2.15,2,8.25,VFL EDINBURGH  VFL BRUSSELS,Wed 16:36,0,0,1.45,2.65,2.35,1.55,4.65,1.16,0,0,6,33:25.0,Wed 16:33,,,
4.05,1.95,3.4,4.05,2.4,2.4,2.45,1.7,10.5,VFL VIENNA  VFL ROME,Wed 16:36,0,0,1.35,3,2.05,1.7,3.7,1.22,0,0,6,33:25.0,Wed 16:33,,,
1.85,3.75,4.2,2.1,4.6,2.55,1.6,2.45,22,VFL STOCKHOLM  VFL ANKARA,Wed 16:36,0,0,1.18,4.25,1.6,2.2,2.6,1.45,0,0,6,33:25.0,Wed 16:33,,,
1.85,4.85,3.35,2.05,4.9,2.55,1.6,2.8,11,VFL ATHENS  VFL BERN,Wed 16:36,0,0,1.3,3.15,2.15,1.6,4.25,1.18,0,0,6,33:25.0,Wed 16:33,,,
2.25,2.9,3.85,3,3,2.4,1.85,2.05,19,VFL BERLIN  VFL MADRID,Wed 16:36,0,0,1.2,4,1.7,2,2.75,1.4,0,0,6,33:25.0,Wed 16:33,,,
1.45,8.75,4,1.8,8,2.5,1.35,4.2,11,VFL LONDON  VFL COPENHAGEN,Wed 16:36,0,0,1.3,3.25,2.1,1.65,3.8,1.22,0,0,6,33:25.0,Wed 16:33,,,
3.85,1.85,4.1,3.95,2.1,2.85,2.6,1.5,22,VFL PARIS  VFL AMSTERDAM,Wed 16:36,0,0,1.2,3.95,1.7,2.05,3.05,1.35,0,0,6,33:25.0,Wed 16:33,,,
1.85,3.45,4.6,2.05,3.3,3.45,1.6,2.3,32,VFL MADRID  VFL LONDON,Wed 16:41,0,0,0,0,1.45,2.5,2.15,1.6,3.9,1.22,7,38:00.2,Wed 16:38,,,
1.65,4.35,4.7,2,4.25,2.9,1.55,2.4,35,VFL ROME  VFL PARIS,Wed 16:41,0,0,0,0,1.5,2.45,2.3,1.55,3.8,1.22,7,38:00.2,Wed 16:38,,,
2.15,3.75,3.2,2.6,4.75,2.05,1.75,2.85,6.25,VFL COPENHAGEN  VFL VIENNA,Wed 16:41,1.12,6.25,1.75,2,0,1.35,0,0,0,0,7,38:00.2,Wed 16:38,,,
5,1.7,3.8,5.25,2.05,2.5,3.3,1.45,11.25,VFL BERN  VFL LISBON,Wed 16:41,0,0,1.35,3,2.25,1.6,3.95,1.22,0,0,7,38:00.2,Wed 16:38,,,
1.8,4,4.15,2.3,4.55,2.4,1.6,2.5,13.75,VFL ATHENS  VFL EDINBURGH,Wed 16:41,0,0,1.3,3.3,1.85,1.85,3.4,1.25,0,0,7,38:00.2,Wed 16:38,,,
1.45,7.25,4.75,1.75,4.95,3.25,1.35,3.3,25,VFL AMSTERDAM  VFL STOCKHOLM,Wed 16:41,0,0,0,0,1.55,2.35,2.5,1.45,3.9,1.22,7,38:00.2,Wed 16:38,,,
3.15,2.45,3.05,3.75,2.8,2.2,2.3,2,6.75,VFL ANKARA  VFL BRUSSELS,Wed 16:41,1.12,6.75,1.55,2.3,0,1.4,0,0,0,0,7,38:00.2,Wed 16:38,,,
2.45,2.55,4,2.95,2.95,2.5,2.05,1.8,21,VFL OSLO  VFL BERLIN,Wed 16:41,0,0,1.25,3.55,1.9,1.85,3.2,1.3,0,0,7,38:00.2,Wed 16:38,,,
4.05,2,3.35,4,2.75,2.15,2.5,1.75,9.25,VFL BRUSSELS  VFL AMSTERDAM,Wed 16:45,0,0,1.45,2.55,2.6,1.45,5.75,1.1,0,0,8,42:30.9,Wed 16:42,,,
2.9,2.3,3.75,2.95,2.75,2.7,2.05,1.85,19.25,VFL STOCKHOLM  VFL ROME,Wed 16:45,0,0,1.18,4.35,1.55,2.3,2.4,1.5,0,0,8,42:30.9,Wed 16:42,,,
2.15,3.5,3.3,2.45,3.6,2.5,1.75,2.15,18.5,VFL LONDON  VFL OSLO,Wed 16:45,0,0,1.22,3.85,1.75,2,2.85,1.4,0,0,8,42:30.9,Wed 16:42,,,
1.35,9.75,5,1.65,8,2.9,1.3,3.95,15.75,VFL BERLIN  VFL BERN,Wed 16:45,0,0,1.22,3.85,1.75,1.95,3.1,1.3,0,0,8,42:30.9,Wed 16:42,,,
5.25,1.55,4.75,5.75,1.75,3,3.25,1.4,14.25,VFL VIENNA  VFL MADRID,Wed 16:45,0,0,1.3,3.25,1.85,1.85,3.55,1.25,0,0,8,42:30.9,Wed 16:42,,,
1.75,5.75,3.3,2.15,6.5,2.15,1.5,3.1,9.5,VFL LISBON  VFL ATHENS,Wed 16:45,0,0,1.45,2.65,2.5,1.5,4.75,1.15,0,0,8,42:30.9,Wed 16:42,,,
2.35,2.95,3.5,2.6,3.85,2.3,1.7,2.3,16.5,VFL EDINBURGH  VFL ANKARA,Wed 16:45,0,0,1.3,3.4,2.05,1.7,3.55,1.25,0,0,8,42:30.9,Wed 16:42,,,
1.8,4.05,3.95,2.05,4.85,2.6,1.5,2.95,13.5,VFL PARIS  VFL COPENHAGEN,Wed 16:45,0,0,1.35,2.95,2.15,1.6,4.2,1.18,0,0,8,42:30.9,Wed 16:42,,,
17.25,8,6.75,1.3,10.25,5.5,1.7,8.5,2.7,0,0,0,VFL AMSTERDAM  VFL ANKARA,Wed 16:50,0,0,1.2,3.95,1.65,2.1,2.7,1.4,0,0,9,47:02.8,Wed 16:47
0,0,0,5.75,1.6,4.05,4.7,2.05,2.65,2.75,1.5,15.75,VFL BERN  VFL LONDON,Wed 16:50,0,0,1.22,3.9,1.7,2,2.65,1.4,0,0,9,47:02.8,Wed 16:47
0,0,0,2.5,2.7,3.65,3.35,3.75,1.95,2.05,2.05,9.25,VFL COPENHAGEN  VFL STOCKHOLM,Wed 16:50,0,0,1.45,2.6,2.3,1.55,4.35,1.18,0,0,9,47:02.8,Wed 16:47
0,0,0,3.45,2.05,3.6,3.85,2.55,2.35,2.2,1.75,16.5,VFL ATHENS  VFL BERLIN,Wed 16:50,0,0,1.3,3.15,2.1,1.65,3.8,1.22,0,0,9,47:02.8,Wed 16:47
0,0,0,1.7,4.4,4.1,2.2,4.3,2.55,1.6,2.6,14,VFL ROME  VFL BRUSSELS,Wed 16:50,0,0,1.3,3.15,2.1,1.65,3.7,1.22,0,0,9,47:02.8,Wed 16:47
0,0,0,1.45,5.5,5.75,1.8,5.75,2.95,1.4,2.85,49,VFL MADRID  VFL PARIS,Wed 16:50,0,0,0,0,1.3,3.2,1.85,1.85,3,1.35,9,47:02.8,Wed 16:47
0,0,0,1.4,7.5,5.25,1.65,9,2.7,1.35,3.6,18,VFL LISBON  VFL EDINBURGH,Wed 16:50,0,0,1.25,3.55,1.8,1.9,3,1.35,0,0,9,47:02.8,Wed 16:47
0,0,0,1.4,10.5,4.15,1.8,8,2.55,1.3,4,13.25,VFL OSLO  VFL VIENNA,Wed 16:50,0,0,1.25,3.45,1.9,1.8,3.7,1.25,0,0,9,47:02.8,Wed 16:47
1.95,4.9,3,2.5,5.5,2,1.65,3.25,5.75,VFL BRUSSELS  VFL COPENHAGEN,Wed 16:54,1.15,5.75,1.75,1.95,0,1.25,0,0,0,0,10,51:35.2,Wed 16:51,,,
1.85,3.9,3.85,2.35,3.8,2.55,1.7,2.4,12.75,VFL BERLIN  VFL LISBON,Wed 16:54,0,0,1.35,2.9,2.05,1.7,3.65,1.25,0,0,10,51:35.2,Wed 16:51,,,
4.15,1.7,4.7,3.55,2,3.4,2.35,1.55,60,VFL STOCKHOLM  VFL MADRID,Wed 16:54,0,0,0,0,1.4,2.7,2.05,1.65,3.65,1.25,10,51:35.2,Wed 16:51,,,
3.3,2,4,3.45,2.6,2.45,2.2,1.8,13.5,VFL ANKARA  VFL ROME,Wed 16:54,0,0,1.25,3.7,1.85,1.85,3.3,1.3,0,0,10,51:35.2,Wed 16:51,,,
2.85,2.25,3.85,3.25,2.95,2.3,2,1.9,16.25,VFL PARIS  VFL OSLO,Wed 16:54,0,0,1.25,3.65,1.75,2,2.8,1.4,0,0,10,51:35.2,Wed 16:51,,,
1.55,5.5,4.25,1.85,6.25,2.7,1.35,3.35,17.5,VFL LONDON  VFL ATHENS,Wed 16:54,0,0,1.22,3.75,1.85,1.85,2.9,1.35,0,0,10,51:35.2,Wed 16:51,,,
2.3,3.35,3.2,3,3.8,2.05,1.85,2.35,8.25,VFL VIENNA  VFL BERN,Wed 16:54,0,0,1.45,2.5,2.5,1.45,4.65,1.16,0,0,10,51:35.2,Wed 16:51,,,
5,1.65,4.15,5,1.95,2.7,3.05,1.5,12.25,VFL EDINBURGH  VFL AMSTERDAM,Wed 16:54,0,0,1.22,3.85,1.7,2.05,3,1.35,0,0,10,51:35.2,Wed 16:51,,,
1.6,5.25,4.25,2,4.3,2.9,1.5,2.65,23,VFL OSLO  VFL STOCKHOLM,Wed 16:59,0,0,0,0,1.55,2.3,2.5,1.5,4.35,1.18,11,56:08.7,Wed 16:56,,,
2.55,2.5,3.9,3.15,3.3,2.2,1.95,2,14.25,VFL LISBON  VFL LONDON,Wed 16:59,0,0,1.35,2.9,2.1,1.65,3.5,1.25,0,0,11,56:08.7,Wed 16:56,,,
2.5,2.55,3.8,2.7,3.35,2.4,1.85,2.05,21,VFL ROME  VFL AMSTERDAM,Wed 16:59,0,0,1.2,4.15,1.65,2.05,2.75,1.4,0,0,11,56:08.7,Wed 16:56,,,
1.8,4.75,3.5,2.45,4.65,2.2,1.65,2.9,8.25,VFL ATHENS  VFL VIENNA,Wed 16:59,0,0,1.5,2.5,2.4,1.5,4.3,1.18,0,0,11,56:08.7,Wed 16:56,,,
3.2,2.15,3.6,3.75,2.7,2.25,2.45,1.65,13.75,VFL BERN  VFL PARIS,Wed 16:59,0,0,1.3,3.15,1.9,1.8,3.3,1.3,0,0,11,56:08.7,Wed 16:56,,,
2.15,3.55,3.35,2.7,4.75,2,1.7,2.7,7.5,VFL COPENHAGEN  VFL ANKARA,Wed 16:59,0,0,1.55,2.25,2.75,1.4,5.25,1.12,0,0,11,56:08.7,Wed 16:56,,,
1.45,6.25,4.85,1.9,6.5,2.5,1.35,3.5,15.25,VFL MADRID  VFL BRUSSELS,Wed 16:59,0,0,1.22,3.7,1.8,1.9,3.1,1.3,0,0,11,56:08.7,Wed 16:56,,,
1.3,9.5,6,1.6,7.75,3,1.3,3.55,25,VFL BERLIN  VFL EDINBURGH,Wed 16:59,0,0,0,0,1.55,2.25,2.55,1.45,4.55,1.16,11,56:08.7,Wed 16:56,,,
0,0,0,3.75,1.8,4.3,4.5,2,2.8,2.6,1.55,19.75,VFL EDINBURGH  VFL ROME,Wed 17:03,0,0,1.16,4.65,1.6,2.25,2.6,1.45,0,0,12,00:41.8,Wed 17:00
0,0,0,2.55,2.45,3.95,2.95,2.75,2.65,1.95,2,15,VFL LONDON  VFL BERLIN,Wed 17:03,0,0,1.22,3.85,1.65,2.05,2.9,1.35,0,0,12,00:41.8,Wed 17:00
0,0,0,5.25,1.6,4.35,5.5,1.8,2.9,3.05,1.4,21,VFL ANKARA  VFL MADRID,Wed 17:03,0,0,1.18,4.25,1.6,2.25,2.6,1.45,0,0,12,00:41.8,Wed 17:00
0,0,0,2.95,2.55,3.15,3.25,3.1,2.25,2.2,2,8.25,VFL BRUSSELS  VFL OSLO,Wed 17:03,0,0,1.45,2.5,2.35,1.5,4.5,1.16,0,0,12,00:41.8,Wed 17:00
8.75,5.5,5.75,1.35,10.25,4.5,1.8,8.75,2.45,0,0,0,VFL AMSTERDAM  VFL COPENHAGEN,Wed 17:03,0,0,1.4,2.7,2.1,1.65,3.95,1.2,0,0,12,00:41.8,Wed 17:00
0,0,0,4.8,1.75,3.6,5.25,2.3,2.25,3.25,1.55,8.5,VFL VIENNA  VFL LISBON,Wed 17:03,0,0,1.5,2.4,2.7,1.4,5.75,1.1,0,0,12,00:41.8,Wed 17:00
0,0,0,2.1,3.4,3.65,2.65,3.85,2.25,1.7,2.45,12.5,VFL PARIS  VFL ATHENS,Wed 17:03,0,0,1.35,3,2.05,1.7,3.2,1.3,0,0,12,00:41.8,Wed 17:00
0,0,0,1.55,4.9,4.8,2.05,4.8,2.55,1.45,2.85,20,VFL STOCKHOLM  VFL BERN,Wed 17:03,0,0,1.18,4.3,1.65,2.15,2.75,1.4,0,0,12,00:41.8,Wed 17:00
2.15,3.15,3.75,2.3,3.1,3.1,1.8,2.05,22,VFL MADRID  VFL AMSTERDAM,Wed 17:08,0,0,0,0,1.5,2.4,2.25,1.55,4.25,1.18,13,05:16.5,Wed 17:05,,,
3.75,2.05,3.35,5.25,2.5,2.05,2.65,1.75,7.5,VFL COPENHAGEN  VFL ROME,Wed 17:08,0,0,1.5,2.4,2.5,1.5,5,1.14,0,0,13,05:16.5,Wed 17:05,,,
1.3,9.25,5.5,1.6,9.25,2.9,1.25,4.05,23,VFL LONDON  VFL EDINBURGH,Wed 17:08,0,0,0,0,1.5,2.35,2.35,1.55,4.2,1.18,13,05:16.5,Wed 17:05,,,
1.85,3.85,3.85,2.35,3.85,2.55,1.65,2.4,16.25,VFL ATHENS  VFL STOCKHOLM,Wed 17:08,0,0,1.22,3.85,1.7,2.05,2.65,1.4,0,0,13,05:16.5,Wed 17:05,,,
1.7,4.6,4.2,2,4.4,2.9,1.5,2.8,18.75,VFL LISBON  VFL PARIS,Wed 17:08,0,0,1.25,3.4,1.9,1.8,3.25,1.3,0,0,13,05:16.5,Wed 17:05,,,
3.6,2.15,3.25,3.95,2.85,2.1,2.6,1.8,7.25,VFL BERN  VFL BRUSSELS,Wed 17:08,1.1,7.25,1.6,2.2,0,1.35,0,0,0,0,13,05:16.5,Wed 17:05,,,
1.35,10.75,4.7,1.7,12.5,2.4,1.25,5,10.75,VFL BERLIN  VFL VIENNA,Wed 17:08,0,0,1.35,2.9,2.15,1.65,3.85,1.22,0,0,13,05:16.5,Wed 17:05,,,
1.4,6.75,5.25,1.85,5.75,2.7,1.4,3.15,23,VFL OSLO  VFL ANKARA,Wed 17:08,0,0,1.18,4.4,1.65,2.1,2.65,1.45,0,0,13,05:16.5,Wed 17:05,,,
3.65,1.95,3.7,3.6,2.45,2.55,2.4,1.65,15,VFL STOCKHOLM  VFL LISBON,Wed 17:13,0,0,1.25,3.6,1.8,1.9,3.1,1.3,0,0,14,09:46.1,Wed 17:09,,,
2,3.85,3.5,2.65,4.15,2.15,1.75,2.35,11.75,VFL ANKARA  VFL BERN,Wed 17:13,0,0,1.3,3.15,2.05,1.7,3.85,1.22,0,0,14,09:46.1,Wed 17:09,,,
3.75,2,3.45,4.4,2.2,2.55,2.5,1.65,14.5,VFL PARIS  VFL BERLIN,Wed 17:13,0,0,1.25,3.65,1.9,1.8,3.4,1.25,0,0,14,09:46.1,Wed 17:09,,,
2.4,2.6,4.15,2.65,2.8,2.85,1.95,1.9,19.25,VFL ROME  VFL MADRID,Wed 17:13,0,0,0,0,1.5,2.4,2.2,1.6,3.95,1.22,14,09:46.1,Wed 17:09,,,
2.15,3.5,3.3,2.7,4.5,2.05,1.8,2.6,7,VFL BRUSSELS  VFL ATHENS,Wed 17:13,1.1,7,1.55,2.35,0,1.4,0,0,0,0,14,09:46.1,Wed 17:09,,,
2.2,3.45,3.3,2.8,3.85,2.2,1.85,2.2,11.25,VFL EDINBURGH  VFL COPENHAGEN,Wed 17:13,0,0,1.45,2.6,2.5,1.45,4.75,1.15,0,0,14,09:46.1,Wed 17:09,,,
5.5,1.6,4.1,4.8,1.9,2.85,3.05,1.45,16.25,VFL VIENNA  VFL LONDON,Wed 17:13,0,0,1.25,3.5,1.95,1.8,3.35,1.3,0,0,14,09:46.1,Wed 17:09,,,
1.65,4.15,4.9,2.1,5.25,2.45,1.45,2.65,35,VFL AMSTERDAM  VFL OSLO,Wed 17:13,0,0,1.2,4.05,1.8,1.9,2.95,1.35,0,0,14,09:46.1,Wed 17:09,,,
1.9,4.25,3.45,2.55,4.55,2.1,1.7,2.6,9.75,VFL ATHENS  VFL ANKARA,Wed 17:17,0,0,1.4,2.8,2.2,1.6,3.85,1.22,0,0,15,14:20.3,Wed 17:14,,,
2.4,2.95,3.4,3.1,3.45,2.15,2.05,2.1,8.75,VFL VIENNA  VFL EDINBURGH,Wed 17:17,0,0,1.45,2.5,2.3,1.55,4.6,1.16,0,0,15,14:20.3,Wed 17:14,,,
1.7,4.65,4.15,2,4.75,2.75,1.5,2.75,22,VFL LONDON  VFL PARIS,Wed 17:17,0,0,0,0,1.55,2.3,2.35,1.55,4,1.2,15,14:20.3,Wed 17:14,,,
2,4.75,2.95,2.35,6.5,2,1.65,3.1,6.5,VFL LISBON  VFL BRUSSELS,Wed 17:17,0,0,1.55,2.25,2.7,1.4,4.95,1.14,0,0,15,14:20.3,Wed 17:14,,,
6,1.55,4.4,5.75,2,2.45,2.9,1.5,13.75,VFL BERN  VFL AMSTERDAM,Wed 17:17,0,0,1.3,3.25,1.95,1.75,3.4,1.25,0,0,15,14:20.3,Wed 17:14,,,
2.05,3.6,3.6,2.25,4.05,2.55,1.65,2.35,19.25,VFL OSLO  VFL ROME,Wed 17:17,0,0,1.22,3.85,1.7,2,2.65,1.4,0,0,15,14:20.3,Wed 17:14,,,
1.35,8.25,5.5,1.55,8,3.25,1.25,4.1,22,VFL MADRID  VFL COPENHAGEN,Wed 17:17,0,0,1.22,3.85,1.7,2.05,2.85,1.35,0,0,15,14:20.3,Wed 17:14,,,
1.45,7.5,4.25,1.8,6.25,2.7,1.35,3.3,18.75,VFL BERLIN  VFL STOCKHOLM,Wed 17:17,0,0,1.18,4.2,1.65,2.1,2.55,1.45,0,0,15,14:20.3,Wed 17:14,,,
1.45,6.25,4.9,1.75,6.75,2.75,1.4,3.4,13,VFL LISBON  VFL ANKARA,Wed 17:22,0,0,1.3,3.25,1.9,1.8,3.75,1.22,0,0,16,18:50.7,Wed 17:18,,,
5.25,1.55,4.6,6.5,1.8,2.75,3.5,1.3,29,VFL EDINBURGH  VFL MADRID,Wed 17:22,0,0,1.2,4.05,1.65,2.15,2.45,1.5,0,0,16,18:50.7,Wed 17:18,,,
3.85,1.95,3.6,4.05,2.3,2.5,2.6,1.6,13,VFL ATHENS  VFL AMSTERDAM,Wed 17:22,0,0,1.3,3.15,2.05,1.7,3.65,1.25,0,0,16,18:50.7,Wed 17:18,,,
1.5,7.5,4.1,1.95,7,2.4,1.4,4,9.25,VFL OSLO  VFL COPENHAGEN,Wed 17:22,0,0,1.4,2.65,2.3,1.55,4.15,1.2,0,0,16,18:50.7,Wed 17:18,,,
1.65,6,3.5,2.25,5.5,2.2,1.55,3.25,8.25,VFL BERLIN  VFL BRUSSELS,Wed 17:22,0,0,1.35,2.85,2.15,1.6,4,1.2,0,0,16,18:50.7,Wed 17:18,,,
3.15,2.15,3.7,3.3,2.75,2.4,2.1,1.85,14,VFL VIENNA  VFL PARIS,Wed 17:22,0,0,1.35,3,1.95,1.75,3.85,1.22,0,0,16,18:50.7,Wed 17:18,,,
1.5,5.5,4.95,1.75,4.9,3.25,1.4,2.95,27,VFL LONDON  VFL STOCKHOLM,Wed 17:22,0,0,0,0,1.5,2.45,2.15,1.6,3.45,1.25,16,18:50.7,Wed 17:18,,,
4.1,1.75,4.15,5.25,2.05,2.45,2.75,1.55,13,VFL BERN  VFL ROME,Wed 17:22,0,0,1.35,2.9,2.1,1.65,3.8,1.22,0,0,16,18:50.7,Wed 17:18,,,
1.7,4.35,4.4,1.8,5.75,2.8,1.4,3.2,21,VFL PARIS  VFL EDINBURGH,Wed 17:26,0,0,1.2,4.15,1.7,2.05,2.6,1.45,0,0,17,23:20.0,Wed 17:23,,,
3.55,2.15,3.3,4.4,2.4,2.3,2.6,1.65,11,VFL BRUSSELS  VFL LONDON,Wed 17:26,0,0,1.35,2.9,2.3,1.55,3.95,1.2,0,0,17,23:20.0,Wed 17:23,,,
1.55,5.25,4.5,1.95,5.25,2.65,1.45,3.05,15.5,VFL ROME  VFL ATHENS,Wed 17:26,0,0,1.22,3.75,1.7,2.05,2.9,1.35,0,0,17,23:20.0,Wed 17:23,,,
5.25,1.65,4.05,5.5,2.05,2.45,2.85,1.55,11.5,VFL ANKARA  VFL BERLIN,Wed 17:26,0,0,1.3,3.1,2.05,1.7,3.75,1.22,0,0,17,23:20.0,Wed 17:23,,,
1.75,4.25,4.2,2.1,3.75,2.95,1.65,2.3,21,VFL MADRID  VFL OSLO,Wed 17:26,0,0,0,0,1.55,2.3,2.35,1.55,4.25,1.18,17,23:20.0,Wed 17:23,,,
1.9,4.6,3.2,2.4,5.5,2.05,1.7,2.9,7.25,VFL COPENHAGEN  VFL BERN,Wed 17:26,0,0,1.5,2.4,2.7,1.4,5.5,1.1,0,0,17,23:20.0,Wed 17:23,,,
1.75,4.45,3.85,2.05,5.5,2.4,1.55,2.75,14.75,VFL STOCKHOLM  VFL VIENNA,Wed 17:26,0,0,1.25,3.65,1.85,1.85,3.05,1.35,0,0,17,23:20.0,Wed 17:23,,,
1.8,4.75,3.6,2.15,4.35,2.65,1.65,2.65,11,VFL AMSTERDAM  VFL LISBON,Wed 17:26,0,0,1.35,3,2.05,1.7,3.65,1.25,0,0,17,23:20.0,Wed 17:23,,,
5.5,1.5,4.9,5.75,1.85,2.75,3.3,1.4,16.75,VFL BERN  VFL MADRID,Wed 17:31,0,0,1.22,3.8,1.75,1.95,3,1.35,0,0,18,27:53.3,Wed 17:27,,,
1.85,3.4,4.6,2.3,4,2.5,1.6,2.3,32,VFL PARIS  VFL STOCKHOLM,Wed 17:31,0,0,0,0,1.55,2.3,2.45,1.5,4.25,1.18,18,27:53.3,Wed 17:27,,,
2.3,3.05,3.5,2.9,3.8,2.1,1.9,2.1,11.75,VFL LISBON  VFL ROME,Wed 17:31,0,0,1.35,2.85,2.2,1.6,4.05,1.2,0,0,18,27:53.3,Wed 17:27,,,
1.35,7.25,5.5,1.6,6.75,3.2,1.3,3.55,23,VFL LONDON  VFL ANKARA,Wed 17:31,0,0,0,0,1.65,2.15,2.65,1.45,4.5,1.16,18,27:53.3,Wed 17:27,,,
4.25,1.95,3.25,5,2.65,1.95,2.85,1.75,6.5,VFL VIENNA  VFL BRUSSELS,Wed 17:31,1.12,6.5,1.6,2.2,0,1.3,0,0,0,0,18,27:53.3,Wed 17:27,,,
1.95,4.4,3.25,2.5,5,2.05,1.7,2.8,7.25,VFL ATHENS  VFL COPENHAGEN,Wed 17:31,0,0,1.55,2.25,2.8,1.4,5.25,1.12,0,0,18,27:53.3,Wed 17:27,,,
4.8,1.7,3.85,4.1,2.3,2.5,2.55,1.6,16.5,VFL EDINBURGH  VFL OSLO,Wed 17:31,0,0,1.22,3.95,1.8,1.9,3.15,1.3,0,0,18,27:53.3,Wed 17:27,,,
2.3,3.1,3.5,2.65,3.3,2.55,1.8,2.25,12,VFL BERLIN  VFL AMSTERDAM,Wed 17:31,0,0,1.3,3.35,1.9,1.8,3.3,1.3,0,0,18,27:53.3,Wed 17:27,,,
2.1,2.9,4.3,2.55,3.2,2.65,1.75,2.15,20,VFL AMSTERDAM  VFL LONDON,Wed 17:36,0,0,1.22,3.9,1.7,2.05,2.85,1.4,0,0,19,32:23.1,Wed 17:32,,,
1.95,3.8,3.6,2.4,4.9,2.15,1.65,2.7,9.75,VFL ANKARA  VFL VIENNA,Wed 17:36,0,0,1.4,2.8,2.15,1.6,4.25,1.18,0,0,19,32:23.1,Wed 17:32,,,
1.35,9.75,5,1.65,8,2.9,1.3,4.05,17.25,VFL OSLO  VFL BERN,Wed 17:36,0,0,1.22,3.9,1.7,2,2.95,1.35,0,0,19,32:23.1,Wed 17:32,,,
1.4,7.25,5.25,1.7,7.5,2.8,1.3,3.6,27,VFL MADRID  VFL ATHENS,Wed 17:36,0,0,0,0,1.65,2.15,2.5,1.5,4.1,1.2,19,32:23.1,Wed 17:32,,,
2.35,2.65,4.05,2.75,2.85,2.75,1.95,2,15.25,VFL ROME  VFL BERLIN,Wed 17:36,0,0,1.25,3.55,1.75,1.95,2.85,1.35,0,0,19,32:23.1,Wed 17:32,,,
4.2,2,3.15,5.25,2.9,1.85,3,1.7,6.25,VFL COPENHAGEN  VFL LISBON,Wed 17:36,1.12,6.25,1.7,2.05,0,1.35,0,0,0,0,19,32:23.1,Wed 17:32,,,
2.2,2.9,3.9,2.7,3.7,2.25,1.8,2.2,12.5,VFL BRUSSELS  VFL PARIS,Wed 17:36,0,0,1.4,2.7,2.3,1.55,4.45,1.18,0,0,19,32:23.1,Wed 17:32,,,
1.8,3.9,4.2,2.05,4.5,2.7,1.55,2.55,21,VFL STOCKHOLM  VFL EDINBURGH,Wed 17:36,0,0,0,0,1.55,2.25,2.6,1.45,4.25,1.18,19,32:23.1,Wed 17:32,,,
3.35,2.15,3.5,3.4,2.65,2.45,2.25,1.8,11,VFL ATHENS  VFL OSLO,Wed 17:40,0,0,1.3,3.2,2.05,1.65,3.5,1.25,0,0,20,36:53.4,Wed 17:36,,,
1.35,11,4.75,1.8,8.5,2.4,1.35,3.95,11.5,VFL BERLIN  VFL COPENHAGEN,Wed 17:40,0,0,1.35,2.85,2.15,1.6,3.65,1.25,0,0,20,36:53.4,Wed 17:36,,,
1.85,3.75,4.1,2.2,4.65,2.45,1.6,2.45,15.75,VFL LONDON  VFL ROME,Wed 17:40,0,0,1.2,4.1,1.65,2.15,2.5,1.5,0,0,20,36:53.4,Wed 17:36,,,
1.65,4.35,4.8,2.05,4.6,2.65,1.5,2.85,14.75,VFL PARIS  VFL ANKARA,Wed 17:40,0,0,1.22,3.85,1.6,2.2,3.05,1.35,0,0,20,36:53.4,Wed 17:36,,,
6,1.65,3.55,6.25,2.05,2.35,3.5,1.5,8.5,VFL VIENNA  VFL AMSTERDAM,Wed 17:40,0,0,1.45,2.55,2.3,1.55,4.4,1.18,0,0,20,36:53.4,Wed 17:36,,,
2.6,2.9,3.1,3.45,3.5,2,2.15,2,8.75,VFL STOCKHOLM  VFL BRUSSELS,Wed 17:40,0,0,1.4,2.65,2.35,1.55,4.85,1.15,0,0,20,36:53.4,Wed 17:36,,,
2.65,2.4,3.9,2.95,3,2.45,1.85,2.05,18.25,VFL LISBON  VFL MADRID,Wed 17:40,0,0,1.25,3.6,1.8,1.9,3.25,1.3,0,0,20,36:53.4,Wed 17:36,,,
2.15,3.45,3.4,2.4,3.9,2.5,1.7,2.4,11.5,VFL EDINBURGH  VFL BERN,Wed 17:40,0,0,1.35,3.05,2.05,1.7,3.9,1.22,0,0,20,36:53.4,Wed 17:36,,,
1.4,6.5,5.25,1.8,5.75,2.9,1.35,3.2,23,VFL AMSTERDAM  VFL PARIS,Wed 17:45,0,0,1.2,4.15,1.6,2.15,2.7,1.4,0,0,21,41:25.3,Wed 17:41,,,
1.45,8.25,4.35,1.85,7.25,2.5,1.35,3.6,14.5,VFL ROME  VFL VIENNA,Wed 17:45,0,0,1.3,3.4,1.95,1.8,3.45,1.25,0,0,21,41:25.3,Wed 17:41,,,
2.35,3.1,3.3,2.75,3.3,2.4,1.8,2.25,11.5,VFL OSLO  VFL LISBON,Wed 17:45,0,0,1.35,2.95,2.1,1.65,3.55,1.25,0,0,21,41:25.3,Wed 17:41,,,
1.6,6,3.9,2,6.5,2.35,1.45,3.5,8.75,VFL BRUSSELS  VFL EDINBURGH,Wed 17:45,0,0,1.45,2.6,2.25,1.6,4.3,1.18,0,0,21,41:25.3,Wed 17:41,,,
1.9,3.7,4.05,2.35,3.5,2.7,1.7,2.3,17.75,VFL MADRID  VFL BERLIN,Wed 17:45,0,0,1.2,4,1.6,2.25,2.55,1.45,0,0,21,41:25.3,Wed 17:41,,,
6.5,1.7,3.35,5.5,2.15,2.35,3.3,1.5,9.5,VFL COPENHAGEN  VFL LONDON,Wed 17:45,0,0,1.4,2.75,2.3,1.55,4.25,1.18,0,0,21,41:25.3,Wed 17:41,,,
3.2,2.35,3.25,3.55,2.75,2.3,2.3,1.9,8.25,VFL BERN  VFL ATHENS,Wed 17:45,0,0,1.45,2.55,2.45,1.5,4.65,1.16,0,0,21,41:25.3,Wed 17:41,,,
2.55,2.55,3.8,3.05,3.05,2.35,1.9,2,16.75,VFL ANKARA  VFL STOCKHOLM,Wed 17:45,0,0,0,0,1.65,2.15,2.7,1.4,4.2,1.18,21,41:25.3,Wed 17:41,,,
0,0,0,2.9,2.15,4.15,3.4,2.7,2.4,2.2,1.7,21,VFL PARIS  VFL ROME,Wed 17:49,0,0,1.18,4.2,1.6,2.15,2.6,1.45,0,0,22,45:56.5,Wed 17:45
12.25,5.5,6.75,1.4,9.5,4.5,1.65,8.5,2.75,0,0,0,VFL LISBON  VFL BERN,Wed 17:49,0,0,1.35,3.05,1.95,1.75,3.4,1.25,0,0,22,45:56.5,Wed 17:45
0,0,0,1.7,5.75,3.5,2.2,5.5,2.25,1.55,2.9,9.75,VFL BRUSSELS  VFL ANKARA,Wed 17:49,0,0,1.4,2.7,2.45,1.5,4.8,1.15,0,0,22,45:56.5,Wed 17:45
0,0,0,1.85,4.3,3.65,2.1,4.75,2.5,1.55,2.8,12,VFL BERLIN  VFL OSLO,Wed 17:49,0,0,1.3,3.35,1.9,1.8,3.4,1.25,0,0,22,45:56.5,Wed 17:45
0,0,0,2.4,2.55,4.15,2.85,2.85,2.65,2,1.85,27,VFL LONDON  VFL MADRID,Wed 17:49,0,0,0,0,1.5,2.4,2.25,1.55,3.8,1.22,22,45:56.5,Wed 17:45
0,0,0,2.7,2.85,3.1,2.55,3.55,2.45,1.85,2.15,12.25,VFL EDINBURGH  VFL ATHENS,Wed 17:49,0,0,1.25,3.45,1.95,1.75,3.45,1.25,0,0,22,45:56.5,Wed 17:45
0,0,0,2.9,2.6,3.2,3.25,3.25,2.15,2.35,1.95,7.25,VFL VIENNA  VFL COPENHAGEN,Wed 17:49,1.1,7.25,1.75,2,0,1.3,0,0,0,0,22,45:56.5,Wed 17:45
0,0,0,4.3,1.75,4.15,4.15,2,2.95,2.4,1.6,26,VFL STOCKHOLM  VFL AMSTERDAM,Wed 17:49,0,0,0,0,1.65,2.15,2.4,1.5,4.4,1.18,22,45:56.5,Wed 17:45
1.6,6.75,3.7,2.1,7.25,2.15,1.5,3.45,8,VFL AMSTERDAM  VFL BRUSSELS,Wed 17:54,0,0,1.4,2.7,2.15,1.6,4,1.2,0,0,23,50:27.5,Wed 17:50,,,
1.22,10.5,7.25,1.45,10.25,3.35,1.22,4.55,23,VFL MADRID  VFL VIENNA,Wed 17:54,0,0,1.2,4.1,1.55,2.25,2.5,1.45,0,0,23,50:27.5,Wed 17:50,,,
1.5,5.5,5.25,1.75,5,3.3,1.45,2.75,33,VFL ROME  VFL STOCKHOLM,Wed 17:54,0,0,0,0,1.45,2.55,2.15,1.65,3.55,1.25,23,50:27.5,Wed 17:50,,,
3.1,2.3,3.4,3.7,2.75,2.25,2.35,1.85,9,VFL COPENHAGEN  VFL PARIS,Wed 17:54,0,0,1.45,2.55,2.35,1.55,4.3,1.18,0,0,23,50:27.5,Wed 17:50,,,
2.4,2.5,4.25,2.8,2.75,2.75,2,1.85,21,VFL OSLO  VFL LONDON,Wed 17:54,0,0,0,0,1.6,2.2,2.6,1.45,4.35,1.18,23,50:27.5,Wed 17:50,,,
3.1,2.25,3.55,3.45,3.05,2.2,2.25,1.85,9.75,VFL ATHENS  VFL LISBON,Wed 17:54,0,0,1.45,2.55,2.4,1.5,4.75,1.15,0,0,23,50:27.5,Wed 17:50,,,
6,1.55,4.05,6.25,2.2,2.15,3.05,1.5,11,VFL BERN  VFL BERLIN,Wed 17:54,0,0,1.3,3.2,1.9,1.8,3.7,1.22,0,0,23,50:27.5,Wed 17:50,,,
2.1,3.25,3.8,2.35,4.2,2.4,1.75,2.35,12.5,VFL ANKARA  VFL EDINBURGH,Wed 17:54,0,0,1.3,3.15,1.95,1.75,3.45,1.25,0,0,23,50:27.5,Wed 17:50,,,
5.75,1.65,3.75,4.4,2.2,2.55,2.65,1.6,13.25,VFL ANKARA  VFL AMSTERDAM,Wed 17:58,0,0,1.25,3.4,1.9,1.8,3.2,1.3,0,0,24,54:56.5,Wed 17:54,,,
4.45,1.85,3.55,4.8,2.25,2.35,2.95,1.55,10.25,VFL VIENNA  VFL OSLO,Wed 17:58,0,0,1.4,2.8,2.3,1.55,4.2,1.18,0,0,24,54:56.5,Wed 17:54,,,
2.7,2.7,3.2,3.55,3.3,2,2.05,2.15,7.75,VFL BRUSSELS  VFL ROME,Wed 17:58,0,0,1.5,2.5,2.35,1.55,4.35,1.18,0,0,24,54:56.5,Wed 17:54,,,
2,3.8,3.5,2.4,4.5,2.25,1.65,2.45,12.25,VFL STOCKHOLM  VFL COPENHAGEN,Wed 17:58,0,0,1.35,3.05,2.1,1.65,3.6,1.25,0,0,24,54:56.5,Wed 17:54,,,
4.5,1.75,3.85,4.4,2.1,2.6,2.55,1.6,14.5,VFL EDINBURGH  VFL LISBON,Wed 17:58,0,0,1.25,3.55,1.9,1.8,3.55,1.25,0,0,24,54:56.5,Wed 17:54,,,
1.25,10.25,6.25,1.45,8.75,3.5,1.22,4.7,22,VFL LONDON  VFL BERN,Wed 17:58,0,0,0,0,1.55,2.3,2.5,1.5,4.2,1.18,24,54:56.5,Wed 17:54,,,
1.6,6.5,3.7,2.05,5.5,2.45,1.5,3,11.25,VFL BERLIN  VFL ATHENS,Wed 17:58,0,0,1.3,3.2,2,1.7,3.65,1.25,0,0,24,54:56.5,Wed 17:54,,,
3.75,1.85,4.1,3.75,2.25,2.7,2.1,1.75,28,VFL PARIS  VFL MADRID,Wed 17:58,0,0,0,0,1.5,2.5,2.3,1.55,4.1,1.2,24,54:56.5,Wed 17:54,,,
2.4,3.1,3.15,3.2,3.7,2,2,2.25,7.25,VFL BERN  VFL VIENNA,Wed 18:03,0,0,1.55,2.3,2.75,1.4,5.5,1.12,0,0,25,59:26.0,Wed 17:59,,,
3.4,2.65,2.65,3.2,3.75,2,2.3,2.3,4.85,VFL COPENHAGEN  VFL BRUSSELS,Wed 18:03,1.18,4.85,1.85,1.85,0,1.22,0,0,0,0,25,59:26.0,Wed 17:59,,,
1.3,11.25,5.25,1.65,8.75,2.8,1.25,4.35,16.25,VFL AMSTERDAM  VFL EDINBURGH,Wed 18:03,0,0,1.2,4,1.7,2.05,2.75,1.4,0,0,25,59:26.0,Wed 17:59,,,
1.7,5.25,3.8,2.1,4.25,2.7,1.55,2.65,17.5,VFL OSLO  VFL PARIS,Wed 18:03,0,0,1.18,4.2,1.7,2,2.7,1.4,0,0,25,59:26.0,Wed 17:59,,,
1.35,7.75,6,1.65,6,3.3,1.35,3.15,37,VFL MADRID  VFL STOCKHOLM,Wed 18:03,0,0,0,0,1.3,3.2,1.8,1.9,2.95,1.35,25,59:26.0,Wed 17:59,,,
3.95,1.9,3.7,3.55,2.25,2.8,2.25,1.75,14,VFL ATHENS  VFL LONDON,Wed 18:03,0,0,1.22,3.7,1.85,1.85,3,1.35,0,0,25,59:26.0,Wed 17:59,,,
2.4,2.55,4.2,2.9,3,2.5,1.95,2.1,11.75,VFL LISBON  VFL BERLIN,Wed 18:03,0,0,1.4,2.8,2.25,1.6,3.7,1.22,0,0,25,59:26.0,Wed 17:59,,,
1.55,6.5,4.1,1.9,5.25,2.7,1.35,3.35,21,VFL ROME  VFL ANKARA,Wed 18:03,0,0,1.18,4.2,1.75,2,2.7,1.4,0,0,25,59:26.0,Wed 17:59,,,
2.4,3.1,3.15,3.2,3.7,2,2,2.25,7.25,VFL BERN  VFL VIENNA,Wed 18:03,0,0,1.55,2.3,2.75,1.4,5.5,1.12,0,0,25,03:26.8,Wed 18:03,Wed 18,,
3.4,2.65,2.65,3.2,3.75,2,2.3,2.3,4.85,VFL COPENHAGEN  VFL BRUSSELS,Wed 18:03,1.18,4.85,1.85,1.85,0,1.22,0,0,0,0,25,03:26.8,Wed 18:03,Wed 18,,
1.3,11.25,5.25,1.65,8.75,2.8,1.25,4.35,16.25,VFL AMSTERDAM  VFL EDINBURGH,Wed 18:03,0,0,1.2,4,1.7,2.05,2.75,1.4,0,0,25,03:26.8,Wed 18:03,Wed 18,,
1.7,5.25,3.8,2.1,4.25,2.7,1.55,2.65,17.5,VFL OSLO  VFL PARIS,Wed 18:03,0,0,1.18,4.2,1.7,2,2.7,1.4,0,0,25,03:26.8,Wed 18:03,Wed 18,,
1.35,7.75,6,1.65,6,3.3,1.35,3.15,37,VFL MADRID  VFL STOCKHOLM,Wed 18:03,0,0,0,0,1.3,3.2,1.8,1.9,2.95,1.35,25,03:26.8,Wed 18:03,Wed 18,,
3.95,1.9,3.7,3.55,2.25,2.8,2.25,1.75,14,VFL ATHENS  VFL LONDON,Wed 18:03,0,0,1.22,3.7,1.85,1.85,3,1.35,0,0,25,03:26.8,Wed 18:03,Wed 18,,
2.4,2.55,4.2,2.9,3,2.5,1.95,2.1,11.75,VFL LISBON  VFL BERLIN,Wed 18:03,0,0,1.4,2.8,2.25,1.6,3.7,1.22,0,0,25,03:26.8,Wed 18:03,Wed 18,,
1.55,6.5,4.1,1.9,5.25,2.7,1.35,3.35,21,VFL ROME  VFL ANKARA,Wed 18:03,0,0,1.18,4.2,1.75,2,2.7,1.4,0,0,25,03:26.8,Wed 18:03,Wed 18,,
1.7,4.55,4.05,1.95,5.25,2.65,1.45,3,16.25,VFL PARIS  VFL BERN,Wed 18:08,0,0,1.25,3.65,1.85,1.85,3.05,1.35,0,0,26,07:59.0,Wed 18:07,Wed 18,,
2.65,2.9,3.05,3.25,3.65,2,2.15,2.15,6.75,VFL ANKARA  VFL COPENHAGEN,Wed 18:08,0,0,1.55,2.3,2.65,1.4,5.25,1.12,0,0,26,07:59.0,Wed 18:07,Wed 18,,
3.35,2.15,3.5,4.1,2.55,2.25,2.3,1.8,11.25,VFL BRUSSELS  VFL MADRID,Wed 18:08,0,0,1.3,3.2,2,1.75,3.6,1.25,0,0,26,07:59.0,Wed 18:07,Wed 18,,
5.5,1.5,4.7,6,1.9,2.6,3.05,1.45,14.75,VFL EDINBURGH  VFL BERLIN,Wed 18:08,0,0,1.25,3.4,1.85,1.85,3.35,1.3,0,0,26,07:59.0,Wed 18:07,Wed 18,,
3.05,2.25,3.6,3.6,3.1,2.1,2.15,1.95,9,VFL VIENNA  VFL ATHENS,Wed 18:08,0,0,1.6,2.2,2.65,1.4,5.25,1.12,0,0,26,07:59.0,Wed 18:07,Wed 18,,
1.75,4.25,4,2.2,4.15,2.6,1.55,2.65,16.5,VFL AMSTERDAM  VFL ROME,Wed 18:08,0,0,1.22,3.85,1.7,2.05,2.75,1.4,0,0,26,07:59.0,Wed 18:07,Wed 18,,
2.9,2.1,4.3,3.35,2.5,2.65,2.25,1.7,17.75,VFL STOCKHOLM  VFL OSLO,Wed 18:08,0,0,1.2,4.1,1.6,2.2,2.55,1.45,0,0,26,07:59.0,Wed 18:07,Wed 18,,
2,3.8,3.45,2.3,4.35,2.45,1.7,2.5,11.25,VFL LONDON  VFL LISBON,Wed 18:08,0,0,1.35,3.05,1.95,1.8,3.2,1.3,0,0,26,07:59.0,Wed 18:07,Wed 18,,
1.35,7.75,5.5,1.65,6,3.15,1.35,3.4,22,VFL ROME  VFL EDINBURGH,Wed 18:12,0,0,0,0,1.6,2.2,2.5,1.45,3.9,1.22,27,12:28.9,Wed 18:12,Wed 18,,
1.45,8.5,4.2,1.9,8,2.35,1.4,3.9,10,VFL LISBON  VFL VIENNA,Wed 18:12,0,0,1.4,2.7,2.35,1.5,4.55,1.16,0,0,27,12:28.9,Wed 18:12,Wed 18,,
5.5,1.7,3.65,5.5,2.1,2.35,3.3,1.5,9.5,VFL COPENHAGEN  VFL AMSTERDAM,Wed 18:12,0,0,1.5,2.45,2.6,1.45,4.75,1.15,0,0,27,12:28.9,Wed 18:12,Wed 18,,
1.85,4.15,3.8,2.35,4.35,2.35,1.55,2.75,12,VFL OSLO  VFL BRUSSELS,Wed 18:12,0,0,1.4,2.7,2.6,1.45,5,1.14,0,0,27,12:28.9,Wed 18:12,Wed 18,,
2.25,3.25,3.35,2.55,3.6,2.45,1.65,2.4,14.5,VFL ATHENS  VFL PARIS,Wed 18:12,0,0,1.22,3.9,1.9,1.8,3.3,1.3,0,0,27,12:28.9,Wed 18:12,Wed 18,,
2.75,2.15,4.4,3.55,2.5,2.5,2.15,1.7,28,VFL BERN  VFL STOCKHOLM,Wed 18:12,0,0,1.22,3.75,1.75,1.95,2.95,1.35,0,0,27,12:28.9,Wed 18:12,Wed 18,,
2.05,3.6,3.55,2.4,3.4,2.7,1.7,2.25,20,VFL BERLIN  VFL LONDON,Wed 18:12,0,0,1.18,4.3,1.8,1.95,2.95,1.35,0,0,27,12:28.9,Wed 18:12,Wed 18,,
1.3,8.75,5.5,1.6,8.25,2.95,1.35,3.35,22,VFL MADRID  VFL ANKARA,Wed 18:12,0,0,0,0,1.55,2.25,2.45,1.5,4.55,1.16,27,12:28.9,Wed 18:12,Wed 18,,
2.2,3.1,3.7,2.55,3.45,2.5,1.7,2.2,23,VFL AMSTERDAM  VFL MADRID,Wed 18:17,0,0,1.2,4.1,1.7,2,2.7,1.4,0,0,28,17:01.2,Wed 18:17,Wed 18,,
1.5,6.5,4.4,1.85,6.75,2.5,1.4,3.4,11.75,VFL ROME  VFL COPENHAGEN,Wed 18:17,0,0,1.3,3.1,1.9,1.8,3.3,1.3,0,0,28,17:01.2,Wed 18:17,Wed 18,,
3.65,1.85,4.3,3.7,2.3,2.65,2.45,1.6,18.5,VFL ANKARA  VFL OSLO,Wed 18:17,0,0,1.25,3.65,1.85,1.85,3.35,1.3,0,0,28,17:01.2,Wed 18:17,Wed 18,,
2.05,3.4,3.75,2.45,4,2.35,1.65,2.25,22,VFL STOCKHOLM  VFL ATHENS,Wed 18:17,0,0,1.2,4,1.65,2.1,2.8,1.4,0,0,28,17:01.2,Wed 18:17,Wed 18,,
1.7,5.75,3.45,2.15,6.5,2.15,1.55,3.2,8,VFL BRUSSELS  VFL BERN,Wed 18:17,0,0,1.45,2.55,2.5,1.45,4.5,1.16,0,0,28,17:01.2,Wed 18:17,Wed 18,,
6,1.55,4.35,6.25,1.8,2.75,3.15,1.4,18.75,VFL EDINBURGH  VFL LONDON,Wed 18:17,0,0,1.2,4.05,1.6,2.2,2.45,1.5,0,0,28,17:01.2,Wed 18:17,Wed 18,,
3,2.2,3.75,3.25,2.85,2.4,2.15,1.8,16.75,VFL PARIS  VFL LISBON,Wed 18:17,0,0,1.3,3.1,2.05,1.7,3.8,1.22,0,0,28,17:01.2,Wed 18:17,Wed 18,,
6,1.65,3.55,5.75,2.1,2.35,2.95,1.6,8.75,VFL VIENNA  VFL BERLIN,Wed 18:17,0,0,1.5,2.45,2.4,1.5,4.7,1.15,0,0,28,17:01.2,Wed 18:17,Wed 18,,
1.6,4.55,4.8,1.8,4.55,3.2,1.5,2.55,44,VFL MADRID  VFL ROME,Wed 18:21,0,0,0,0,1.45,2.5,2.15,1.65,3.7,1.25,29,21:31.2,Wed 18:21,Wed 18,,
2.5,2.95,3.25,3.1,3.7,2.05,1.9,2.2,9.75,VFL BERN  VFL ANKARA,Wed 18:21,0,0,1.4,2.7,2.35,1.5,4.1,1.2,0,0,29,21:31.2,Wed 18:21,Wed 18,,
2.8,2.7,3.15,3,3.35,2.2,1.85,2.1,14,VFL OSLO  VFL AMSTERDAM,Wed 18:21,0,0,1.3,3.35,1.9,1.8,3.05,1.35,0,0,29,21:31.2,Wed 18:21,Wed 18,,
2.1,3.8,3.25,2.8,4.35,2.05,1.85,2.4,8.25,VFL COPENHAGEN  VFL EDINBURGH,Wed 18:21,0,0,1.5,2.45,2.55,1.45,5,1.14,0,0,29,21:31.2,Wed 18:21,Wed 18,,
1.45,6,4.9,1.8,6,2.8,1.4,3.1,18.5,VFL BERLIN  VFL PARIS,Wed 18:21,0,0,1.18,4.2,1.6,2.25,2.6,1.45,0,0,29,21:31.2,Wed 18:21,Wed 18,,
2.4,3.2,3.1,3,4.05,2,1.9,2.4,7.25,VFL ATHENS  VFL BRUSSELS,Wed 18:21,0,0,1.55,2.3,2.6,1.45,4.8,1.15,0,0,29,21:31.2,Wed 18:21,Wed 18,,
1.6,5.25,4.2,1.85,5.75,2.8,1.45,3,17.25,VFL LISBON  VFL STOCKHOLM,Wed 18:21,0,0,1.25,3.7,1.75,1.95,2.85,1.4,0,0,29,21:31.2,Wed 18:21,Wed 18,,
1.35,10.75,4.65,1.65,8.75,2.8,1.25,4.3,16.5,VFL LONDON  VFL VIENNA,Wed 18:21,0,0,1.25,3.5,1.95,1.8,3.2,1.3,0,0,29,21:31.2,Wed 18:21,Wed 18,,
2.95,2.55,3.1,3.8,3.4,1.9,2.1,2.15,7.5,VFL BRUSSELS  VFL LISBON,Wed 18:26,0,0,1.55,2.25,2.75,1.4,5.75,1.1,0,0,30,26:00.5,Wed 18:26,Wed 18,,
1.3,10,5.75,1.55,7.75,3.2,1.3,4,17.25,VFL AMSTERDAM  VFL BERN,Wed 18:26,0,0,1.18,4.25,1.65,2.05,3,1.35,0,0,30,26:00.5,Wed 18:26,Wed 18,,
4.15,1.8,3.95,4.55,2.15,2.55,2.55,1.55,18.75,VFL STOCKHOLM  VFL BERLIN,Wed 18:26,0,0,1.2,4.1,1.65,2.05,2.85,1.4,0,0,30,26:00.5,Wed 18:26,Wed 18,,
5.25,1.75,3.55,6.5,2.05,2.3,3.35,1.5,8.5,VFL COPENHAGEN  VFL MADRID,Wed 18:26,0,0,1.4,2.65,2.25,1.6,3.95,1.2,0,0,30,26:00.5,Wed 18:26,Wed 18,,
3.45,1.95,4.1,3.35,2.25,2.95,2.2,1.7,24,VFL PARIS  VFL LONDON,Wed 18:26,0,0,0,0,1.55,2.3,2.35,1.5,4.6,1.16,30,26:00.5,Wed 18:26,Wed 18,,
2.7,2.85,3.05,3,3.15,2.35,2,2.1,9.25,VFL ANKARA  VFL ATHENS,Wed 18:26,0,0,1.4,2.85,2.15,1.6,4.05,1.2,0,0,30,26:00.5,Wed 18:26,Wed 18,,
2.05,3.55,3.55,2.6,3.25,2.55,1.8,2.15,14.75,VFL ROME  VFL OSLO,Wed 18:26,0,0,1.2,3.95,1.7,2.05,2.6,1.45,0,0,30,26:00.5,Wed 18:26,Wed 18,,
2.05,3.75,3.4,2.6,4.4,2.15,1.7,2.7,7.75,VFL EDINBURGH  VFL VIENNA,Wed 18:26,0,0,1.5,2.35,2.45,1.5,4.8,1.15,0,0,30,26:00.5,Wed 18:26,Wed 18,,
1.55,4.95,4.75,2.05,4.9,2.55,1.45,2.9,19.25,VFL STOCKHOLM  VFL BERN,Wed 18:34,0,0,1.18,4.4,1.6,2.15,2.7,1.4,0,0,1,30:37.8,Wed 18:30,Wed 18,,
1.6,5.25,4.5,1.95,5.25,2.65,1.45,3,15,VFL ROME  VFL ATHENS,Wed 18:34,0,0,1.22,3.75,1.7,2.05,2.85,1.35,0,0,1,30:37.8,Wed 18:30,Wed 18,,
4.15,1.9,3.55,4.85,2.2,2.35,2.75,1.6,11.25,VFL ANKARA  VFL LISBON,Wed 18:34,0,0,1.35,2.85,2.1,1.65,3.7,1.22,0,0,1,30:37.8,Wed 18:30,Wed 18,,
1.35,10.75,4.65,1.65,9,2.75,1.25,4.35,15.5,VFL LONDON  VFL VIENNA,Wed 18:34,0,0,1.25,3.45,1.95,1.75,3.25,1.3,0,0,1,30:37.8,Wed 18:30,Wed 18,,
3.6,2.15,3.3,4,2.45,2.35,2.4,1.8,9.25,VFL BRUSSELS  VFL BERLIN,Wed 18:34,0,0,1.4,2.75,2.4,1.5,5,1.14,0,0,1,30:37.8,Wed 18:30,Wed 18,,
2.1,3.2,3.7,2.25,3.1,3.2,1.8,2.1,21,VFL MADRID  VFL AMSTERDAM,Wed 18:34,0,0,0,0,1.5,2.35,2.3,1.55,4.35,1.18,1,30:37.8,Wed 18:30,Wed 18,,
3.9,1.9,3.7,4.25,2.6,2.2,2.55,1.7,9.5,VFL COPENHAGEN  VFL OSLO,Wed 18:34,0,0,1.5,2.45,2.65,1.45,5.5,1.12,0,0,1,30:37.8,Wed 18:30,Wed 18,,
3,2.2,3.8,3.7,2.35,2.6,2.25,1.75,15.5,VFL EDINBURGH  VFL PARIS,Wed 18:34,0,0,1.22,3.8,1.65,2.15,2.65,1.4,0,0,1,30:37.8,Wed 18:30,Wed 18,,
1.55,4.95,4.75,2.05,4.9,2.55,1.45,2.9,19.25,VFL STOCKHOLM  VFL BERN,Wed 18:34,0,0,1.18,4.4,1.6,2.15,2.7,1.4,0,0,1,32:40.6,Wed 18:32,Wed 18,,
1.6,5.25,4.5,1.95,5.25,2.65,1.45,3,15,VFL ROME  VFL ATHENS,Wed 18:34,0,0,1.22,3.75,1.7,2.05,2.85,1.35,0,0,1,32:40.6,Wed 18:32,Wed 18,,
4.15,1.9,3.55,4.85,2.2,2.35,2.75,1.6,11.25,VFL ANKARA  VFL LISBON,Wed 18:34,0,0,1.35,2.85,2.1,1.65,3.7,1.22,0,0,1,32:40.6,Wed 18:32,Wed 18,,
1.35,10.75,4.65,1.65,9,2.75,1.25,4.35,15.5,VFL LONDON  VFL VIENNA,Wed 18:34,0,0,1.25,3.45,1.95,1.75,3.25,1.3,0,0,1,32:40.6,Wed 18:32,Wed 18,,
3.6,2.15,3.3,4,2.45,2.35,2.4,1.8,9.25,VFL BRUSSELS  VFL BERLIN,Wed 18:34,0,0,1.4,2.75,2.4,1.5,5,1.14,0,0,1,32:40.6,Wed 18:32,Wed 18,,
2.1,3.2,3.7,2.25,3.1,3.2,1.8,2.1,21,VFL MADRID  VFL AMSTERDAM,Wed 18:34,0,0,0,0,1.5,2.35,2.3,1.55,4.35,1.18,1,32:40.6,Wed 18:32,Wed 18,,
3.9,1.9,3.7,4.25,2.6,2.2,2.55,1.7,9.5,VFL COPENHAGEN  VFL OSLO,Wed 18:34,0,0,1.5,2.45,2.65,1.45,5.5,1.12,0,0,1,32:40.6,Wed 18:32,Wed 18,,
3,2.2,3.8,3.7,2.35,2.6,2.25,1.75,15.5,VFL EDINBURGH  VFL PARIS,Wed 18:34,0,0,1.22,3.8,1.65,2.15,2.65,1.4,0,0,1,32:40.6,Wed 18:32,Wed 18,,
1.4,7.5,5,1.75,8,2.55,1.35,3.35,21,VFL OSLO  VFL EDINBURGH,Wed 18:48,0,0,1.22,3.9,1.7,2.05,2.6,1.45,0,0,4,46:22.1,Wed 18:46,Wed 18,,
1.55,7.25,3.85,2,7.5,2.2,1.45,3.6,8.25,VFL AMSTERDAM  VFL BRUSSELS,Wed 18:48,0,0,1.4,2.7,2.15,1.65,3.9,1.22,0,0,4,46:22.1,Wed 18:46,Wed 18,,
1.65,4.35,4.65,2.05,4.4,2.75,1.5,2.85,15.25,VFL PARIS  VFL ANKARA,Wed 18:48,0,0,1.22,3.9,1.6,2.2,3,1.35,0,0,4,46:22.1,Wed 18:46,Wed 18,,
2.8,2.4,3.6,3.2,2.9,2.4,2.1,1.9,12,VFL VIENNA  VFL STOCKHOLM,Wed 18:48,0,0,1.3,3.25,2,1.7,3.55,1.25,0,0,4,46:22.1,Wed 18:46,Wed 18,,
2.35,2.6,4.15,2.8,2.9,2.65,1.95,1.85,28,VFL LONDON  VFL MADRID,Wed 18:48,0,0,0,0,1.5,2.4,2.3,1.55,3.85,1.22,4,46:22.1,Wed 18:46,Wed 18,,
1.6,7,3.7,1.95,5.75,2.5,1.5,3.15,10.5,VFL BERLIN  VFL ATHENS,Wed 18:48,0,0,1.3,3.15,2,1.7,3.7,1.25,0,0,4,46:22.1,Wed 18:46,Wed 18,,
3.95,1.8,4.15,5,2.1,2.45,2.65,1.6,12.5,VFL BERN  VFL ROME,Wed 18:48,0,0,1.35,2.9,2.1,1.65,3.9,1.22,0,0,4,46:22.1,Wed 18:46,Wed 18,,
1.6,6.75,3.55,2.1,6.75,2.15,1.45,4.1,7.25,VFL LISBON  VFL COPENHAGEN,Wed 18:48,1.1,7.25,1.6,2.25,0,1.4,0,0,0,0,4,46:22.1,Wed 18:46,Wed 18,,
2.15,3.45,3.45,2.35,3.8,2.55,1.7,2.4,11.5,VFL EDINBURGH  VFL BERN,Wed 18:52,0,0,1.35,3.05,2.05,1.7,3.9,1.22,0,0,5,50:54.0,Wed 18:50,Wed 18,,
2.55,2.55,3.75,2.75,3.25,2.45,1.85,2,20,VFL ROME  VFL AMSTERDAM,Wed 18:52,0,0,1.18,4.2,1.65,2.1,2.75,1.4,0,0,5,50:54.0,Wed 18:50,Wed 18,,
1.3,8.75,5.5,1.6,8.5,2.9,1.35,3.4,23,VFL MADRID  VFL ANKARA,Wed 18:52,0,0,0,0,1.55,2.25,2.4,1.5,4.45,1.16,5,50:54.0,Wed 18:50,Wed 18,,
3.6,1.85,4.35,3.35,2.35,2.8,2.2,1.65,28,VFL STOCKHOLM  VFL LONDON,Wed 18:52,0,0,0,0,1.45,2.6,2.25,1.6,3.9,1.22,5,50:54.0,Wed 18:50,Wed 18,,
3.05,2.5,3.1,3.7,3.45,1.9,2.15,2.1,7.25,VFL BRUSSELS  VFL LISBON,Wed 18:52,1.1,7.25,1.6,2.2,0,1.4,0,0,0,0,5,50:54.0,Wed 18:50,Wed 18,,
1.45,6.25,4.75,1.8,6,2.8,1.4,3.15,17.75,VFL BERLIN  VFL PARIS,Wed 18:52,0,0,0,0,1.55,2.25,2.6,1.45,4.25,1.18,5,50:54.0,Wed 18:50,Wed 18,,
2.15,3.8,3.1,2.6,4.9,2.05,1.8,2.8,6.25,VFL COPENHAGEN  VFL VIENNA,Wed 18:52,1.14,6.25,1.75,2,0,1.3,0,0,0,0,5,50:54.0,Wed 18:50,Wed 18,,
3.4,2.1,3.5,3.45,2.6,2.45,2.3,1.8,11.25,VFL ATHENS  VFL OSLO,Wed 18:52,0,0,1.3,3.3,2.05,1.7,3.6,1.25,0,0,5,50:54.0,Wed 18:50,Wed 18,,
