1.65,4.15,5.25,2,4.8,2.95,1.55,3.1,18,VFL PARIS  VFL ANKARA,Fri 17:40,0,0,1.25,3.95,1.65,2.25,3.05,1.4,0,0,9,36:37.7,Fri 17:36,Fri 25
1.7,5.25,3.75,2.35,5.5,2.25,1.6,3.35,9.25,VFL BERLIN  VFL BRUSSELS,Fri 17:40,0,0,1.4,3,2.15,1.7,4.35,1.22,0,0,9,36:37.7,Fri 17:36,Fri 25
4.05,1.8,4.1,3.85,2.3,2.8,2.55,1.7,25,VFL STOCKHOLM  VFL LONDON,Fri 17:40,0,0,0,0,1.45,2.7,2.4,1.6,4.45,1.22,9,36:37.7,Fri 17:36,Fri 25
1.4,9.75,4.3,1.8,10,2.5,1.4,5.25,9,VFL AMSTERDAM  VFL COPENHAGEN,Fri 17:40,0,0,1.5,2.7,2.2,1.65,4.55,1.2,0,0,9,36:37.7,Fri 17:36,Fri 25
1.4,9.25,4.3,1.7,8.25,2.95,1.3,5.25,13.25,VFL LISBON  VFL BERN,Fri 17:40,0,0,1.35,3.35,2.1,1.75,3.8,1.25,0,0,9,36:37.7,Fri 17:36,Fri 25
1.7,4.05,4.75,1.95,4,3.45,1.65,2.55,34,VFL MADRID  VFL ROME,Fri 17:40,0,0,0,0,1.45,2.75,2.2,1.7,3.85,1.25,9,36:37.7,Fri 17:36,Fri 25
1.6,5.5,3.95,1.9,6,2.75,1.55,3.1,15.25,VFL OSLO  VFL ATHENS,Fri 17:40,0,0,1.3,3.6,1.95,1.85,3.35,1.35,0,0,9,36:37.7,Fri 17:36,Fri 25
2.2,3.2,3.45,2.65,4.55,2.2,1.8,2.7,9.5,VFL EDINBURGH  VFL VIENNA,Fri 17:40,0,0,1.5,2.65,2.4,1.6,4.6,1.2,0,0,9,36:37.7,Fri 17:36,Fri 25
1.95,3.65,3.75,2.45,3.75,2.65,1.8,2.4,17.25,VFL ROME  VFL OSLO,Fri 17:44,0,0,1.22,4.2,1.7,2.15,2.7,1.45,0,0,10,41:16.9,Fri 17:41,Fri 25
2.2,3,3.75,2.85,3.75,2.3,1.9,2.35,12.75,VFL BRUSSELS  VFL PARIS,Fri 17:44,0,0,1.4,2.9,2.45,1.55,4.85,1.18,0,0,10,41:16.9,Fri 17:41,Fri 25
4.45,1.85,3.5,5.25,2.2,2.45,3.1,1.6,11.5,VFL ANKARA  VFL LISBON,Fri 17:44,0,0,1.4,3.05,2.2,1.7,4.05,1.25,0,0,10,41:16.9,Fri 17:41,Fri 25
2.4,2.75,3.7,3.35,3.95,2,2.1,2.25,9.5,VFL COPENHAGEN  VFL STOCKHOLM,Fri 17:44,0,0,1.45,2.75,2.35,1.6,4.6,1.2,0,0,10,41:16.9,Fri 17:41,Fri 25
1.3,9,5.75,1.65,8.75,3.15,1.3,4.45,25,VFL LONDON  VFL EDINBURGH,Fri 17:44,0,0,0,0,1.5,2.6,2.25,1.65,4.1,1.25,10,41:16.9,Fri 17:41,Fri 25
5.5,1.5,4.8,5.75,1.85,3.05,3.25,1.5,18,VFL BERN  VFL MADRID,Fri 17:44,0,0,1.22,4.45,1.75,2.1,3.05,1.4,0,0,10,41:16.9,Fri 17:41,Fri 25
5.5,1.65,3.8,5.75,2.15,2.45,3.1,1.65,9.75,VFL VIENNA  VFL BERLIN,Fri 17:44,0,0,1.5,2.65,2.5,1.55,5.25,1.16,0,0,10,41:16.9,Fri 17:41,Fri 25
3.95,2,3.35,4.35,2.35,2.55,2.85,1.7,12,VFL ATHENS  VFL AMSTERDAM,Fri 17:44,0,0,1.35,3.25,2.2,1.7,3.95,1.25,0,0,10,41:16.9,Fri 17:41,Fri 25
1.7,5.5,3.55,2.35,5.25,2.3,1.65,3,10,VFL BRUSSELS  VFL ANKARA,Fri 17:53,0,0,1.4,3,2.4,1.55,5.25,1.16,0,0,12,51:09.6,Fri 17:51,Fri 25
5.5,1.7,3.65,6.75,2.05,2.45,3.8,1.55,8.75,VFL COPENHAGEN  VFL BERLIN,Fri 17:53,0,0,1.6,2.35,2.6,1.5,5,1.18,0,0,12,51:09.6,Fri 17:51,Fri 25
2.05,3.25,3.9,2.2,3.35,3.4,1.8,2.3,24,VFL MADRID  VFL AMSTERDAM,Fri 17:53,0,0,0,0,1.55,2.5,2.45,1.55,4.8,1.18,12,51:09.6,Fri 17:51,Fri 25
1.5,5.5,5.25,1.75,5.25,3.45,1.45,3.15,36,VFL ROME  VFL STOCKHOLM,Fri 17:53,0,0,0,0,1.45,2.7,2.2,1.7,3.85,1.25,12,51:09.6,Fri 17:51,Fri 25
4.55,1.7,4.1,5.75,2.25,2.3,3.6,1.55,9,VFL VIENNA  VFL LISBON,Fri 17:53,0,0,1.55,2.45,2.7,1.45,6.25,1.12,0,0,12,51:09.6,Fri 17:51,Fri 25
1.75,4.2,4.25,2.3,4.7,2.5,1.65,2.8,16,VFL ATHENS  VFL EDINBURGH,Fri 17:53,0,0,1.3,3.55,2,1.8,3.65,1.3,0,0,12,51:09.6,Fri 17:51,Fri 25
1.55,5,4.6,1.9,5.5,2.95,1.55,3.05,20,VFL LONDON  VFL PARIS,Fri 17:53,0,0,0,0,1.6,2.35,2.55,1.5,4.7,1.2,12,51:09.6,Fri 17:51,Fri 25
5,1.7,3.65,4.95,2.3,2.4,3.1,1.6,13.25,VFL BERN  VFL OSLO,Fri 17:53,0,0,1.35,3.35,2.15,1.7,3.9,1.25,0,0,12,51:09.6,Fri 17:51,Fri 25
1.65,6.75,3.4,2.05,7.25,2.35,1.55,3.85,8.25,VFL BRUSSELS  VFL BERN,Fri 17:58,0,0,1.45,2.75,2.55,1.5,4.8,1.18,0,0,13,55:40.2,Fri 17:55,Fri 25
3.9,1.7,4.8,3.65,2.15,3.25,2.45,1.65,52,VFL STOCKHOLM  VFL MADRID,Fri 17:58,0,0,0,0,1.5,2.65,2.2,1.7,3.7,1.3,13,55:40.2,Fri 17:55,Fri 25
3.55,1.9,4.2,4.35,2.2,2.75,2.6,1.7,17.75,VFL EDINBURGH  VFL ROME,Fri 17:58,0,0,1.2,4.7,1.6,2.3,2.8,1.45,0,0,13,55:40.2,Fri 17:55,Fri 25
2.05,3.75,3.45,2.5,4.8,2.25,1.75,2.8,9.25,VFL ANKARA  VFL VIENNA,Fri 17:58,0,0,1.45,2.75,2.5,1.55,5,1.18,0,0,13,55:40.2,Fri 17:55,Fri 25
1.6,7.5,3.5,2.1,6.25,2.45,1.6,3.3,11,VFL BERLIN  VFL ATHENS,Fri 17:58,0,0,1.35,3.35,2.15,1.7,3.7,1.3,0,0,13,55:40.2,Fri 17:55,Fri 25
1.8,4.1,3.9,2.15,5,2.6,1.55,3.3,13.75,VFL PARIS  VFL COPENHAGEN,Fri 17:58,0,0,1.35,3.2,2.25,1.65,4.5,1.2,0,0,13,55:40.2,Fri 17:55,Fri 25
1.7,4.25,4.55,2.2,4.8,2.6,1.5,3,35,VFL AMSTERDAM  VFL OSLO,Fri 17:58,0,0,1.2,4.5,1.85,2,3,1.4,0,0,13,55:40.2,Fri 17:55,Fri 25
2.4,2.9,3.45,3,3.9,2.15,1.95,2.35,11.5,VFL LISBON  VFL LONDON,Fri 17:58,0,0,1.4,2.95,2.2,1.7,3.7,1.3,0,0,13,55:40.2,Fri 17:55,Fri 25
2.55,2.85,3.25,3.3,4.1,2,2.2,2.3,7.25,VFL ANKARA  VFL COPENHAGEN,Fri 18:07,0,0,1.6,2.35,2.65,1.5,5.5,1.16,0,0,15,05:32.0,Fri 18:05,Fri 25
3.4,2.25,3.2,4.35,2.55,2.35,2.65,1.8,10.5,VFL BRUSSELS  VFL LONDON,Fri 18:07,0,0,1.4,3.05,2.35,1.6,4.3,1.22,0,0,15,05:32.0,Fri 18:05,Fri 25
4.65,1.75,3.7,4.3,2.3,2.6,2.7,1.65,17.5,VFL EDINBURGH  VFL OSLO,Fri 18:07,0,0,1.25,4.05,1.95,1.9,3.3,1.35,0,0,15,05:32.0,Fri 18:05,Fri 25
2.1,3.05,4.05,2.95,3.15,2.55,1.85,2.25,20,VFL BERLIN  VFL MADRID,Fri 18:07,0,0,1.22,4.3,1.75,2.1,3.05,1.4,0,0,15,05:32.0,Fri 18:05,Fri 25
1.7,6,3.35,2.35,6.25,2.15,1.65,3.3,8.75,VFL LISBON  VFL ATHENS,Fri 18:07,0,0,1.45,2.8,2.5,1.55,4.9,1.18,0,0,15,05:32.0,Fri 18:05,Fri 25
2.9,2.2,4,3.3,2.9,2.5,2.3,1.85,19,VFL PARIS  VFL ROME,Fri 18:07,0,0,1.22,4.45,1.65,2.25,2.6,1.5,0,0,15,05:32.0,Fri 18:05,Fri 25
2.15,3.75,3.2,2.8,4.35,2.15,1.9,2.65,7.75,VFL VIENNA  VFL BERN,Fri 18:07,0,0,1.55,2.5,2.5,1.55,4.75,1.2,0,0,15,05:32.1,Fri 18:05,Fri 25
4.45,1.75,3.95,4.5,2.1,2.9,2.6,1.65,22,VFL STOCKHOLM  VFL AMSTERDAM,Fri 18:07,0,0,1.2,4.6,1.7,2.15,2.7,1.45,0,0,15,05:32.1,Fri 18:05,Fri 25
2.35,3,3.4,2.75,3.45,2.5,1.85,2.35,16.75,VFL EDINBURGH  VFL ANKARA,Fri 09:47,0,0,1.3,3.4,2.1,1.75,4,1.25,0,0,29,43:17.3,Fri 09:43,Fri 25
1.4,6.75,5.25,1.85,7,2.7,1.4,3.8,16.25,VFL AMSTERDAM  VFL ATHENS,Fri 09:47,0,0,1.3,3.65,1.8,2,3.2,1.35,0,0,29,43:17.3,Fri 09:43,Fri 25
1.35,7.75,5.5,1.7,8.25,3,1.3,4.45,22,VFL MADRID  VFL COPENHAGEN,Fri 09:47,0,0,1.25,4,1.75,2.1,3,1.4,0,0,29,43:17.3,Fri 09:43,Fri 25
2.8,2.15,4.3,3.5,2.55,2.7,2.3,1.8,23,VFL BERN  VFL STOCKHOLM,Fri 09:47,0,0,1.25,4,1.9,1.95,3.4,1.3,0,0,29,43:17.3,Fri 09:43,Fri 25
2.3,3.2,3.3,2.85,3.5,2.4,1.95,2.4,9.75,VFL OSLO  VFL LISBON,Fri 09:47,0,0,1.5,2.7,2.45,1.55,4.45,1.22,0,0,29,43:17.3,Fri 09:43,Fri 25
2.25,2.6,4.45,2.8,3.05,2.75,1.95,2.15,19.75,VFL ROME  VFL BERLIN,Fri 09:47,0,0,1.25,3.8,1.8,2.05,3.05,1.4,0,0,29,43:17.3,Fri 09:43,Fri 25
1.7,5.75,3.45,2.2,6.25,2.3,1.65,2.95,11.75,VFL PARIS  VFL VIENNA,Fri 09:47,0,0,1.3,3.55,2.05,1.75,3.85,1.25,0,0,29,43:17.3,Fri 09:43,Fri 25
1.75,5.25,3.5,2.15,6.25,2.35,1.65,3.1,9.75,VFL LONDON  VFL BRUSSELS,Fri 09:47,0,0,1.4,2.9,2.35,1.6,4.45,1.22,0,0,29,43:17.3,Fri 09:43,Fri 25
1.5,7.5,4.1,1.95,8,2.45,1.45,4.4,9.5,VFL OSLO  VFL COPENHAGEN,Fri 10:05,0,0,1.45,2.85,2.3,1.65,4.4,1.22,0,0,2,04:14.8,Fri 10:04,Fri 25
1.9,3.8,3.75,2.4,4.75,2.35,1.7,2.65,14.75,VFL LONDON  VFL ROME,Fri 10:05,0,0,1.22,4.25,1.7,2.15,2.65,1.5,0,0,2,04:14.8,Fri 10:04,Fri 25
1.9,3.6,4.1,2.5,3.6,2.7,1.85,2.35,17,VFL MADRID  VFL BERLIN,Fri 10:05,0,0,1.22,4.35,1.6,2.35,2.65,1.5,0,0,2,04:14.8,Fri 10:04,Fri 25
1.8,4.05,4,2.15,4.9,2.65,1.6,2.8,21,VFL STOCKHOLM  VFL ANKARA,Fri 10:05,0,0,1.18,4.85,1.6,2.4,2.55,1.55,0,0,2,04:14.8,Fri 10:04,Fri 25
2.95,2.25,3.75,3.7,2.45,2.7,2.3,1.9,14.5,VFL EDINBURGH  VFL PARIS,Fri 10:05,0,0,1.25,4.15,1.7,2.2,2.85,1.45,0,0,2,04:14.8,Fri 10:04,Fri 25
2.15,3.75,3.2,2.85,4.3,2.15,1.85,2.75,7.5,VFL VIENNA  VFL BERN,Fri 10:05,0,0,1.55,2.5,2.6,1.5,5,1.18,0,0,2,04:14.8,Fri 10:04,Fri 25
1.4,7,5,1.85,7,2.65,1.45,3.75,15.25,VFL AMSTERDAM  VFL ATHENS,Fri 10:05,0,0,1.3,3.5,1.8,2,3.2,1.35,0,0,2,04:14.8,Fri 10:04,Fri 25
3,2.6,3,3.8,3.35,2.05,2.25,2.25,7,VFL BRUSSELS  VFL LISBON,Fri 10:05,1.12,7,1.7,2.2,3.05,1.4,0,0,0,0,2,04:14.8,Fri 10:04,Fri 25
2.4,2.95,3.45,3.2,3.5,2.25,2.05,2.3,9.25,VFL VIENNA  VFL ANKARA,Fri 10:14,0,0,1.45,2.8,2.3,1.65,4.4,1.22,0,0,4,13:58.1,Fri 10:13,Fri 25
4.7,1.75,3.65,5,2.2,2.55,3.4,1.55,10.25,VFL BERN  VFL LISBON,Fri 10:14,0,0,1.35,3.15,2.2,1.7,4.35,1.22,0,0,4,13:58.1,Fri 10:13,Fri 25
2.7,2.6,3.35,3.15,3.35,2.3,2.1,2.05,14.5,VFL OSLO  VFL AMSTERDAM,Fri 10:14,0,0,1.3,3.45,1.95,1.85,3.1,1.4,0,0,4,13:58.1,Fri 10:13,Fri 25
1.35,7.5,5.5,1.65,8,3.05,1.3,4.45,22,VFL MADRID  VFL COPENHAGEN,Fri 10:14,0,0,1.25,4.05,1.75,2.1,3,1.4,0,0,4,13:58.1,Fri 10:13,Fri 25
2.85,2.25,3.95,3.05,2.8,2.75,2.1,1.95,23,VFL STOCKHOLM  VFL ROME,Fri 10:14,0,0,0,0,1.6,2.35,2.45,1.55,4.45,1.22,4,13:58.1,Fri 10:13,Fri 25
1.6,5.25,4.5,1.9,5.25,2.9,1.55,3,21,VFL LONDON  VFL PARIS,Fri 10:14,0,0,0,0,1.65,2.3,2.55,1.5,4.8,1.18,4,13:58.1,Fri 10:13,Fri 25
3.7,2.15,3.2,4.75,2.55,2.25,2.8,1.8,8.75,VFL BRUSSELS  VFL BERLIN,Fri 10:14,0,0,1.5,2.55,2.7,1.5,6,1.14,0,0,4,13:58.1,Fri 10:13,Fri 25
2.6,2.65,3.55,2.8,3.35,2.55,2,2.2,13.25,VFL EDINBURGH  VFL ATHENS,Fri 10:14,0,0,1.3,3.6,2,1.8,3.8,1.25,0,0,4,13:58.1,Fri 10:13,Fri 25
7,1.5,4.1,7,2.05,2.35,3.4,1.5,13.5,VFL BERN  VFL BERLIN,Fri 10:23,0,0,1.3,3.55,2.05,1.75,3.95,1.25,0,0,6,19:14.7,Fri 10:19,Fri 25
1.95,4.4,3.25,2.75,5.5,2,1.8,3.35,5.75,VFL BRUSSELS  VFL COPENHAGEN,Fri 10:23,1.16,5.75,1.85,1.95,3.8,1.25,0,0,0,0,6,19:14.7,Fri 10:19,Fri 25
4.65,1.7,3.95,5.75,2.3,2.25,3.7,1.55,8.25,VFL VIENNA  VFL LISBON,Fri 10:23,0,0,1.55,2.45,2.7,1.5,6.25,1.12,0,0,6,19:14.7,Fri 10:19,Fri 25
2.05,3.4,3.75,2.2,3.35,3.4,1.8,2.35,24,VFL MADRID  VFL AMSTERDAM,Fri 10:23,0,0,0,0,1.55,2.5,2.45,1.55,5,1.18,6,19:14.7,Fri 10:19,Fri 25
2.15,2.7,4.6,2.75,3.65,2.4,1.8,2.3,34,VFL STOCKHOLM  VFL PARIS,Fri 10:23,0,0,0,0,1.5,2.55,2.3,1.6,3.9,1.25,6,19:14.7,Fri 10:19,Fri 25
3.35,2,3.9,3.55,2.6,2.6,2.35,1.85,15.5,VFL ANKARA  VFL ROME,Fri 10:23,0,0,1.22,4.25,1.8,2.05,3.05,1.4,0,0,6,19:14.7,Fri 10:19,Fri 25
1.6,5.75,4.1,1.85,6.5,2.85,1.45,3.65,16.25,VFL LONDON  VFL ATHENS,Fri 10:23,0,0,1.25,3.95,1.9,1.9,3.3,1.35,0,0,6,19:14.7,Fri 10:19,Fri 25
4.8,1.75,3.75,4.3,2.25,2.7,2.7,1.65,18,VFL EDINBURGH  VFL OSLO,Fri 10:23,0,0,1.25,4.1,1.9,1.9,3.2,1.35,0,0,6,19:14.7,Fri 10:19,Fri 25
2.95,2.35,3.5,3.4,2.9,2.45,2.2,1.9,20,VFL ANKARA  VFL PARIS,Fri 10:32,0,0,1.22,4.4,1.65,2.25,2.65,1.5,0,0,8,29:00.1,Fri 10:29,Fri 25
4.3,1.95,3.35,4.4,2.6,2.3,2.9,1.7,11.25,VFL BRUSSELS  VFL AMSTERDAM,Fri 10:32,0,0,1.4,2.9,2.6,1.5,5.75,1.14,0,0,8,29:00.1,Fri 10:29,Fri 25
1.95,3.95,3.55,2.5,4.15,2.45,1.8,2.4,15.5,VFL LONDON  VFL OSLO,Fri 10:32,0,0,1.25,4,1.75,2.1,3,1.4,0,0,8,29:00.1,Fri 10:29,Fri 25
2.55,2.5,3.75,3.2,3.1,2.4,2.1,2.15,11,VFL LISBON  VFL BERLIN,Fri 10:32,0,0,1.4,2.95,2.25,1.65,4,1.25,0,0,8,29:00.1,Fri 10:29,Fri 25
2.1,3.4,3.55,2.45,3.85,2.65,1.8,2.35,22,VFL STOCKHOLM  VFL ATHENS,Fri 10:32,0,0,1.18,4.9,1.65,2.25,2.8,1.45,0,0,8,29:00.1,Fri 10:29,Fri 25
1.25,9.5,6.75,1.55,7.75,3.7,1.3,4.4,50,VFL MADRID  VFL EDINBURGH,Fri 10:32,0,0,0,0,1.4,2.9,2.2,1.7,3.9,1.25,8,29:00.1,Fri 10:29,Fri 25
2.65,2.85,3.1,3.6,4.05,1.9,2.15,2.3,7.5,VFL BERN  VFL COPENHAGEN,Fri 10:32,1.12,7.5,1.6,2.4,2.85,1.45,0,0,0,0,8,29:00.1,Fri 10:29,Fri 25
4,1.95,3.55,3.9,2.4,2.7,2.55,1.8,12,VFL VIENNA  VFL ROME,Fri 10:32,0,0,1.35,3.2,2.1,1.75,3.9,1.25,0,0,8,29:00.1,Fri 10:29,Fri 25
1.25,11.75,6.25,1.5,12.25,3.45,1.25,5.75,18.5,VFL MADRID  VFL VIENNA,Fri 10:37,0,0,1.22,4.25,1.65,2.25,2.75,1.45,0,0,9,34:17.0,Fri 10:34,Fri 25
1.8,4.35,3.75,2.1,4.75,2.75,1.65,2.85,13.25,VFL ATHENS  VFL BERN,Fri 10:37,0,0,1.4,3.05,2.25,1.65,4.1,1.25,0,0,9,34:17.0,Fri 10:34,Fri 25
1.45,7,4.8,1.75,5.25,3.5,1.4,3.9,20,VFL AMSTERDAM  VFL STOCKHOLM,Fri 10:37,0,0,0,0,1.55,2.5,2.5,1.55,4.05,1.25,9,34:17.0,Fri 10:34,Fri 25
6.25,1.55,4.25,5.75,1.9,2.85,3.1,1.5,22,VFL EDINBURGH  VFL LONDON,Fri 10:37,0,0,1.22,4.45,1.65,2.2,2.65,1.5,0,0,9,34:17.0,Fri 10:34,Fri 25
1.8,4.5,3.6,2.25,5.25,2.4,1.6,3.25,10.75,VFL OSLO  VFL BRUSSELS,Fri 10:37,0,0,1.45,2.8,2.5,1.55,5,1.18,0,0,9,34:17.0,Fri 10:34,Fri 25
1.8,3.95,4.2,2.5,4.35,2.4,1.7,2.45,25,VFL BERLIN  VFL ROME,Fri 10:37,0,0,1.22,4.25,1.7,2.2,2.85,1.45,0,0,9,34:17.0,Fri 10:34,Fri 25
2.95,2.2,3.9,3.55,2.85,2.4,2.3,1.9,13,VFL PARIS  VFL LISBON,Fri 10:37,0,0,1.35,3.15,2.15,1.7,4.25,1.22,0,0,9,34:17.0,Fri 10:34,Fri 25
2,3.65,3.6,2.6,5,2.15,1.7,3,8.75,VFL COPENHAGEN  VFL ANKARA,Fri 10:37,0,0,1.55,2.45,2.75,1.45,5.25,1.16,0,0,9,34:17.0,Fri 10:34,Fri 25
5.5,1.65,3.75,5.75,2.1,2.45,3.2,1.65,9.25,VFL VIENNA  VFL BERLIN,Fri 10:41,0,0,1.5,2.65,2.55,1.55,5.5,1.15,0,0,10,38:48.0,Fri 10:38,Fri 25
6.75,1.45,4.5,7,2,2.45,3.4,1.5,15.5,VFL BERN  VFL AMSTERDAM,Fri 10:41,0,0,1.35,3.35,2.05,1.8,3.45,1.3,0,0,10,38:48.0,Fri 10:38,Fri 25
3.05,2.1,4.15,3.55,2.65,2.6,2.35,1.85,17.75,VFL STOCKHOLM  VFL OSLO,Fri 10:41,0,0,1.22,4.4,1.65,2.25,2.75,1.45,0,0,10,38:48.0,Fri 10:38,Fri 25
1.7,4.15,4.5,2,4.7,3,1.55,2.75,31,VFL ROME  VFL PARIS,Fri 10:41,0,0,0,0,1.6,2.4,2.45,1.55,4.15,1.22,10,38:48.0,Fri 10:38,Fri 25
2.2,2.75,4.35,2.75,3.1,2.75,2.05,2.05,21,VFL LONDON  VFL MADRID,Fri 10:41,0,0,0,0,1.6,2.4,2.45,1.55,4.3,1.22,10,38:48.0,Fri 10:38,Fri 25
2.45,2.65,3.75,3.15,3.2,2.35,2.05,2.2,11.5,VFL ANKARA  VFL ATHENS,Fri 10:41,0,0,1.4,3,2.15,1.7,4.25,1.22,0,0,10,38:48.0,Fri 10:38,Fri 25
1.6,7,3.55,2.05,8,2.3,1.45,4.85,7.25,VFL LISBON  VFL COPENHAGEN,Fri 10:41,1.12,7.25,1.55,2.5,2.65,1.5,0,0,0,0,10,38:48.0,Fri 10:38,Fri 25
1.6,6.5,3.75,2.1,8,2.25,1.5,3.85,8.75,VFL BRUSSELS  VFL EDINBURGH,Fri 10:41,0,0,1.45,2.75,2.45,1.55,5,1.18,0,0,10,38:48.0,Fri 10:38,Fri 25
1.45,6.25,4.9,1.85,7,2.75,1.4,3.8,19,VFL MADRID  VFL BRUSSELS,Fri 10:46,0,0,1.22,4.25,1.75,2.05,3.35,1.35,0,0,11,43:18.9,Fri 10:43,Fri 25
3.85,1.9,3.75,4.45,2.25,2.6,2.8,1.7,12.75,VFL PARIS  VFL BERLIN,Fri 10:46,0,0,1.3,3.6,1.85,1.95,3.35,1.35,0,0,11,43:18.9,Fri 10:43,Fri 25
1.35,9.25,4.95,1.75,8.25,2.85,1.35,4.25,16.25,VFL OSLO  VFL BERN,Fri 10:46,0,0,1.25,4.1,1.75,2.05,3.05,1.4,0,0,11,43:18.9,Fri 10:43,Fri 25
3.15,2.25,3.5,3.65,3.15,2.15,2.45,1.9,10.5,VFL ATHENS  VFL LISBON,Fri 10:46,0,0,1.45,2.7,2.4,1.6,5.25,1.16,0,0,11,43:18.9,Fri 10:43,Fri 25
4.2,2,3.25,5.75,2.55,2.05,3,1.8,7.25,VFL COPENHAGEN  VFL ROME,Fri 10:46,0,0,1.55,2.5,2.55,1.5,5.25,1.16,0,0,11,43:18.9,Fri 10:43,Fri 25
1.35,12,4.55,1.75,7.75,2.95,1.35,4.7,15.5,VFL LONDON  VFL VIENNA,Fri 10:46,0,0,1.25,3.9,1.95,1.85,3.45,1.3,0,0,11,43:18.9,Fri 10:43,Fri 25
1.3,10,5.5,1.7,8.25,3,1.35,4.5,17.5,VFL AMSTERDAM  VFL ANKARA,Fri 10:46,0,0,1.2,4.6,1.7,2.2,2.9,1.4,0,0,11,43:18.9,Fri 10:43,Fri 25
2.35,2.6,4.3,2.9,3,2.7,1.95,2.15,21,VFL EDINBURGH  VFL STOCKHOLM,Fri 10:46,0,0,0,0,1.55,2.55,2.35,1.6,4.45,1.22,11,43:18.9,Fri 10:43,Fri 25
2.35,3,3.45,2.75,3.55,2.5,1.85,2.35,16.75,VFL EDINBURGH  VFL ANKARA,Fri 10:55,0,0,1.35,3.35,2.1,1.75,4.05,1.25,0,0,13,53:04.1,Fri 10:53,Fri 25
2.35,3.1,3.3,2.85,3.4,2.45,1.95,2.35,9.75,VFL OSLO  VFL LISBON,Fri 10:55,0,0,1.45,2.75,2.35,1.6,4.35,1.22,0,0,13,53:04.1,Fri 10:53,Fri 25
3.4,2.05,3.8,4,2.7,2.35,2.2,1.9,17.25,VFL ATHENS  VFL BERLIN,Fri 10:55,0,0,1.35,3.35,2.25,1.65,4.25,1.22,0,0,13,53:04.1,Fri 10:53,Fri 25
1.8,4.45,3.8,2.25,4.5,2.6,1.65,2.85,14.25,VFL AMSTERDAM  VFL ROME,Fri 10:55,0,0,1.22,4.35,1.75,2.1,2.9,1.4,0,0,13,53:04.1,Fri 10:53,Fri 25
1.45,5.5,5.5,1.8,4.95,3.35,1.45,3.2,31,VFL LONDON  VFL STOCKHOLM,Fri 10:55,0,0,0,0,1.5,2.7,2.25,1.65,3.75,1.3,13,53:04.1,Fri 10:53,Fri 25
2.9,2.4,3.4,3.45,3.15,2.25,2.35,2,10,VFL COPENHAGEN  VFL PARIS,Fri 10:55,0,0,1.45,2.7,2.5,1.55,5,1.18,0,0,13,53:04.1,Fri 10:53,Fri 25
1.7,5.5,3.6,2.25,6,2.25,1.6,3.7,7.75,VFL BRUSSELS  VFL VIENNA,Fri 10:55,0,0,1.6,2.35,2.8,1.45,6.25,1.12,0,0,13,53:04.1,Fri 10:53,Fri 25
1.3,9.25,6.25,1.55,9.25,3.3,1.3,4.5,33,VFL MADRID  VFL BERN,Fri 10:55,0,0,0,0,1.55,2.45,2.4,1.55,4.4,1.22,13,53:04.1,Fri 10:53,Fri 25
4.65,1.6,4.55,6,1.9,2.75,3.35,1.5,18.75,VFL ANKARA  VFL MADRID,Fri 11:00,0,0,1.25,4.15,1.7,2.2,3.05,1.4,0,0,14,58:25.4,Fri 10:58,Fri 25
2.95,2.75,2.9,3.4,3.35,2.2,2.5,2.05,7.25,VFL VIENNA  VFL COPENHAGEN,Fri 11:00,1.12,7.25,1.75,2.1,3.4,1.3,0,0,0,0,14,58:25.4,Fri 10:58,Fri 25
2,3.45,3.8,2.55,3.6,2.65,1.85,2.3,18.25,VFL ROME  VFL OSLO,Fri 11:00,0,0,1.22,4.2,1.7,2.2,2.65,1.5,0,0,14,58:25.4,Fri 10:58,Fri 25
2.3,3,3.6,2.5,3.4,2.8,1.9,2.4,11.5,VFL BERLIN  VFL AMSTERDAM,Fri 11:00,0,0,1.35,3.25,1.95,1.85,3.6,1.3,0,0,14,58:25.4,Fri 10:58,Fri 25
2.55,2.7,3.45,3.3,3.65,2.1,2.2,2.1,10.5,VFL STOCKHOLM  VFL BRUSSELS,Fri 11:00,0,0,1.4,2.9,2.2,1.65,4.4,1.22,0,0,14,58:25.4,Fri 10:58,Fri 25
2.1,3.35,3.7,2.7,3.85,2.35,1.8,2.55,12.5,VFL PARIS  VFL ATHENS,Fri 11:00,0,0,1.35,3.25,2.1,1.75,3.65,1.3,0,0,14,58:25.4,Fri 10:58,Fri 25
6.25,1.55,4.15,4.85,2.05,2.75,3.05,1.5,22,VFL BERN  VFL LONDON,Fri 11:00,0,0,1.22,4.25,1.75,2.1,2.8,1.45,0,0,14,58:25.4,Fri 10:58,Fri 25
1.35,8.5,4.9,1.8,8.75,2.65,1.4,4.05,15.75,VFL LISBON  VFL EDINBURGH,Fri 11:00,0,0,1.3,3.7,1.85,1.95,3.15,1.35,0,0,14,58:25.4,Fri 10:58,Fri 25
2.4,2.75,3.75,2.95,3.25,2.5,2,2.1,19.5,VFL OSLO  VFL BERLIN,Fri 11:04,0,0,1.3,3.65,2.05,1.8,3.75,1.25,0,0,15,03:44.2,Fri 11:03,Fri 25
1.8,4.15,3.9,2.1,6,2.5,1.6,2.95,16,VFL STOCKHOLM  VFL VIENNA,Fri 11:04,0,0,1.25,4,1.9,1.9,3.15,1.35,0,0,15,03:44.2,Fri 11:03,Fri 25
3.6,1.85,4.25,4.5,2.2,2.7,2.65,1.7,18,VFL EDINBURGH  VFL ROME,Fri 11:04,0,0,1.22,4.45,1.65,2.25,2.8,1.45,0,0,15,03:44.2,Fri 11:03,Fri 25
1.45,6,5,1.8,5.5,3.15,1.45,3.35,23,VFL AMSTERDAM  VFL PARIS,Fri 11:04,0,0,1.22,4.45,1.65,2.25,2.65,1.5,0,0,15,03:44.2,Fri 11:03,Fri 25
1.8,3.95,4.1,2.2,4.2,2.85,1.65,2.75,18,VFL MADRID  VFL LISBON,Fri 11:04,0,0,1.22,4.45,1.7,2.15,2.8,1.45,0,0,15,03:44.2,Fri 11:03,Fri 25
1.65,6.75,3.35,2.05,7.5,2.35,1.55,3.85,8,VFL BRUSSELS  VFL BERN,Fri 11:04,0,0,1.45,2.8,2.55,1.5,4.9,1.18,0,0,15,03:44.2,Fri 11:03,Fri 25
1.9,4.55,3.3,2.65,5.25,2.05,1.8,3.1,6.75,VFL ATHENS  VFL COPENHAGEN,Fri 11:04,1.14,6.75,1.65,2.25,3,1.4,0,0,0,0,15,03:44.2,Fri 11:03,Fri 25
1.35,7.75,6,1.6,7.5,3.35,1.35,4,29,VFL LONDON  VFL ANKARA,Fri 11:04,0,0,1.2,4.7,1.7,2.15,2.8,1.45,0,0,15,03:44.2,Fri 11:03,Fri 25
1.9,3.9,3.75,2.25,4.45,2.65,1.7,2.8,12,VFL LONDON  VFL LISBON,Fri 11:09,0,0,1.35,3.2,2,1.8,3.7,1.3,0,0,16,08:15.8,Fri 11:08,Fri 25
1.7,5.75,3.45,2.3,5,2.4,1.65,3,10,VFL BRUSSELS  VFL ANKARA,Fri 11:09,0,0,1.4,3.05,2.45,1.55,5.25,1.16,0,0,16,08:15.8,Fri 11:08,Fri 25
1.4,10.25,4.25,1.8,10.5,2.55,1.4,5.25,9,VFL AMSTERDAM  VFL COPENHAGEN,Fri 11:09,0,0,1.45,2.75,2.2,1.7,4.35,1.22,0,0,16,08:15.8,Fri 11:08,Fri 25
4.95,1.6,4.4,5.75,1.95,2.75,3.25,1.55,14.75,VFL EDINBURGH  VFL BERLIN,Fri 11:09,0,0,1.25,3.85,1.85,2,3.45,1.3,0,0,16,08:15.8,Fri 11:08,Fri 25
1.6,4.85,4.45,2.15,4.7,2.65,1.6,2.85,17.5,VFL STOCKHOLM  VFL BERN,Fri 11:09,0,0,1.18,4.8,1.65,2.25,2.8,1.45,0,0,16,08:15.8,Fri 11:08,Fri 25
1.65,4,5,1.95,3.9,3.55,1.65,2.55,43,VFL MADRID  VFL ROME,Fri 11:09,0,0,0,0,1.45,2.7,2.2,1.7,3.75,1.3,16,08:15.8,Fri 11:08,Fri 25
1.65,5.5,3.95,2.05,4.75,2.85,1.6,2.9,18.75,VFL OSLO  VFL PARIS,Fri 11:09,0,0,1.2,4.65,1.7,2.2,2.75,1.45,0,0,16,08:15.8,Fri 11:08,Fri 25
3.05,2.3,3.45,3.6,3.45,2.05,2.15,2.2,8.5,VFL VIENNA  VFL ATHENS,Fri 11:09,0,0,1.65,2.25,2.85,1.45,6.25,1.12,0,0,16,08:15.8,Fri 11:08,Fri 25
1.75,4.15,4.2,2.35,4.55,2.5,1.65,2.8,16.5,VFL ATHENS  VFL EDINBURGH,Fri 11:23,0,0,1.3,3.5,2,1.8,3.65,1.3,0,0,19,18:45.6,Fri 11:18,Fri 25
2.05,3.85,3.3,2.6,4.8,2.2,1.8,2.8,8,VFL ANKARA  VFL VIENNA,Fri 11:23,0,0,1.45,2.7,2.55,1.5,5,1.18,0,0,19,18:45.6,Fri 11:18,Fri 25
5.25,1.7,3.75,7,2.05,2.4,3.75,1.5,10,VFL COPENHAGEN  VFL MADRID,Fri 11:23,0,0,1.35,3.15,2.1,1.75,3.9,1.25,0,0,19,18:45.6,Fri 11:18,Fri 25
1.45,8.5,4.3,1.75,8,2.9,1.35,4.9,12.75,VFL LISBON  VFL BERN,Fri 11:23,0,0,1.35,3.25,2.1,1.75,3.85,1.25,0,0,19,18:45.6,Fri 11:18,Fri 25
1.65,4.2,4.95,2.15,4.8,2.65,1.5,3,38,VFL AMSTERDAM  VFL OSLO,Fri 11:23,0,0,1.22,4.45,1.85,2,3.05,1.4,0,0,19,18:45.7,Fri 11:18,Fri 25
1.65,5.5,3.75,2.3,6,2.25,1.55,3.5,9.25,VFL BERLIN  VFL BRUSSELS,Fri 11:23,0,0,1.4,3,2.15,1.7,4.3,1.22,0,0,19,18:45.7,Fri 11:18,Fri 25
3.4,2,3.9,3.5,2.45,2.8,2.35,1.8,20,VFL PARIS  VFL LONDON,Fri 11:23,0,0,0,0,1.6,2.35,2.4,1.55,4.45,1.22,19,18:45.7,Fri 11:18,Fri 25
1.5,5.25,5.25,1.75,5,3.55,1.5,3.05,39,VFL ROME  VFL STOCKHOLM,Fri 11:23,0,0,0,0,1.45,2.75,2.15,1.7,3.8,1.25,19,18:45.7,Fri 11:18,Fri 25
1.9,4.5,3.35,2.55,5.5,2.1,1.75,3.05,7.5,VFL COPENHAGEN  VFL BERN,Fri 11:41,1.12,7.5,1.55,2.45,2.8,1.45,0,0,0,0,23,39:17.3,Fri 11:39,Fri 25
5.75,1.55,4.4,7.25,1.85,2.7,3.9,1.4,17.25,VFL EDINBURGH  VFL MADRID,Fri 11:41,0,0,1.25,3.95,1.7,2.15,2.55,1.5,0,0,23,39:17.3,Fri 11:39,Fri 25
1.95,3.6,3.9,2.65,3.4,2.6,1.85,2.3,18.5,VFL ATHENS  VFL STOCKHOLM,Fri 11:41,0,0,1.25,4.1,1.75,2.1,2.85,1.45,0,0,23,39:17.3,Fri 11:39,Fri 25
1.9,4.15,3.6,2.3,4.05,2.7,1.7,2.65,15,VFL BERLIN  VFL LISBON,Fri 11:41,0,0,1.4,2.9,2.2,1.65,3.95,1.25,0,0,23,39:17.3,Fri 11:39,Fri 25
1.55,6.25,4,2.25,7,2.2,1.6,3.55,8.75,VFL AMSTERDAM  VFL BRUSSELS,Fri 11:41,0,0,1.5,2.65,2.35,1.6,4.25,1.22,0,0,23,39:17.3,Fri 11:39,Fri 25
1.4,8,4.55,1.9,7.5,2.6,1.4,3.9,17.75,VFL ROME  VFL VIENNA,Fri 11:41,0,0,1.3,3.7,1.9,1.9,3.4,1.3,0,0,23,39:17.3,Fri 11:39,Fri 25
2.45,2.55,4,2.9,2.9,2.8,2.2,1.95,19.25,VFL OSLO  VFL LONDON,Fri 11:41,0,0,1.2,4.5,1.65,2.2,2.75,1.45,0,0,23,39:17.3,Fri 11:39,Fri 25
1.6,4.3,5.25,1.95,5.25,2.85,1.5,3.25,17.5,VFL PARIS  VFL ANKARA,Fri 11:41,0,0,1.25,3.9,1.7,2.2,3.15,1.35,0,0,23,39:17.3,Fri 11:39,Fri 25
2.6,2.9,3.1,3.35,4,2,2.2,2.3,7.25,VFL ANKARA  VFL COPENHAGEN,Fri 11:45,0,0,1.55,2.45,2.6,1.5,5.25,1.16,0,0,24,43:56.9,Fri 11:43,Fri 25
1.3,8.75,5.75,1.65,8.5,3.1,1.3,4.3,24,VFL LONDON  VFL EDINBURGH,Fri 11:45,0,0,0,0,1.5,2.55,2.3,1.65,4.1,1.25,24,43:56.9,Fri 11:43,Fri 25
4.95,1.6,4.65,6,1.9,2.85,3.45,1.5,13.5,VFL VIENNA  VFL MADRID,Fri 11:45,0,0,1.3,3.45,1.95,1.9,4.05,1.25,0,0,24,43:56.9,Fri 11:43,Fri 25
2.95,2.65,2.95,3.45,3.25,2.2,2.3,2.1,8.5,VFL BRUSSELS  VFL OSLO,Fri 11:45,0,0,1.55,2.5,2.7,1.5,5.25,1.16,0,0,24,43:56.9,Fri 11:43,Fri 25
4.55,1.7,4.1,4.6,2.1,2.85,2.65,1.65,20,VFL STOCKHOLM  VFL AMSTERDAM,Fri 11:45,0,0,1.2,4.65,1.7,2.2,2.7,1.45,0,0,24,43:56.9,Fri 11:43,Fri 25
1.8,4.35,3.85,2.2,4.2,2.8,1.6,2.9,14.75,VFL LISBON  VFL PARIS,Fri 11:45,0,0,1.3,3.65,1.95,1.85,3.55,1.3,0,0,24,43:56.9,Fri 11:43,Fri 25
3.2,2.25,3.35,3.8,2.9,2.25,2.5,1.95,9,VFL BERN  VFL ATHENS,Fri 11:45,0,0,1.5,2.65,2.55,1.5,5.25,1.16,0,0,24,43:56.9,Fri 11:43,Fri 25
2.25,2.65,4.4,2.8,3,2.8,1.95,2.1,21,VFL ROME  VFL BERLIN,Fri 11:45,0,0,1.25,3.95,1.75,2.05,3,1.4,0,0,24,43:56.9,Fri 11:43,Fri 25
4.25,2,3.2,5.5,2.8,1.95,3.25,1.75,6.75,VFL COPENHAGEN  VFL LISBON,Fri 11:50,1.14,6.75,1.75,2.1,3.15,1.35,0,0,0,0,25,49:25.8,Fri 11:49,Fri 25
1.8,3.4,4.85,2.25,3.5,3.15,1.75,2.35,32,VFL MADRID  VFL LONDON,Fri 11:50,0,0,0,0,1.45,2.7,2.15,1.7,3.8,1.25,25,49:25.8,Fri 11:49,Fri 25
1.95,4.35,3.2,2.5,4.7,2.3,1.7,2.85,11,VFL ATHENS  VFL ANKARA,Fri 11:50,0,0,1.3,3.4,2.2,1.7,3.95,1.25,0,0,25,49:25.8,Fri 11:49,Fri 25
1.35,9.75,4.7,1.65,10.75,2.9,1.3,5.5,12,VFL BERLIN  VFL VIENNA,Fri 11:50,0,0,1.3,3.45,2.05,1.8,3.75,1.3,0,0,25,49:25.8,Fri 11:49,Fri 25
3.05,2.4,3.3,3.5,3.05,2.3,2.25,2.1,8.75,VFL EDINBURGH  VFL BRUSSELS,Fri 11:50,0,0,1.45,2.75,2.5,1.55,5,1.18,0,0,25,49:25.8,Fri 11:49,Fri 25
1.25,9.5,6.5,1.5,7.75,3.75,1.3,4.6,17.75,VFL AMSTERDAM  VFL BERN,Fri 11:50,0,0,1.2,4.55,1.65,2.25,3,1.4,0,0,25,49:25.8,Fri 11:49,Fri 25
2.95,2.2,3.9,3.35,2.85,2.5,2.3,1.8,20,VFL PARIS  VFL ROME,Fri 11:50,0,0,1.2,4.6,1.65,2.25,2.55,1.5,0,0,25,49:25.8,Fri 11:49,Fri 25
1.55,5.5,4.45,1.9,5,3.1,1.5,3.1,29,VFL OSLO  VFL STOCKHOLM,Fri 11:50,0,0,1.2,4.75,1.65,2.25,2.65,1.5,0,0,25,49:25.8,Fri 11:49,Fri 25
2.1,3.7,3.3,2.7,5,2.1,1.85,3.1,6,VFL COPENHAGEN  VFL VIENNA,Fri 12:08,1.16,6,1.9,1.95,3.35,1.35,0,0,0,0,29,06:35.4,Fri 12:06,Fri 25
2.05,3.5,3.65,2.45,3.75,2.65,1.8,2.4,18.25,VFL OSLO  VFL ROME,Fri 12:08,0,0,1.22,4.4,1.7,2.2,2.8,1.45,0,0,29,06:35.4,Fri 12:06,Fri 25
4.25,1.75,4.15,4.7,2.1,2.75,2.7,1.7,14.25,VFL EDINBURGH  VFL LISBON,Fri 12:08,0,0,1.3,3.4,1.9,1.9,3.65,1.3,0,0,29,06:35.4,Fri 12:06,Fri 25
1.25,9.75,6.75,1.5,9.25,3.55,1.3,4.85,23,VFL LONDON  VFL BERN,Fri 12:08,0,0,0,0,1.6,2.4,2.65,1.5,4.8,1.18,29,06:35.4,Fri 12:06,Fri 25
2.15,3.3,3.55,2.5,3.7,2.65,1.9,2.4,12.25,VFL AMSTERDAM  VFL BERLIN,Fri 12:08,0,0,1.3,3.6,2,1.85,3.35,1.35,0,0,29,06:35.4,Fri 12:06,Fri 25
2.3,2.95,3.65,2.6,3.45,2.65,1.85,2.35,16.5,VFL ATHENS  VFL PARIS,Fri 12:08,0,0,1.25,3.9,1.95,1.85,3.6,1.3,0,0,29,06:35.4,Fri 12:06,Fri 25
1.3,10,5.5,1.6,9.5,3.1,1.35,4.3,22,VFL MADRID  VFL ANKARA,Fri 12:08,0,0,0,0,1.6,2.35,2.45,1.55,4.65,1.2,29,06:35.4,Fri 12:06,Fri 25
1.8,4.1,4.05,2.45,4.2,2.5,1.65,2.8,13.5,VFL BRUSSELS  VFL STOCKHOLM,Fri 12:08,0,0,1.4,3.1,2.1,1.75,3.7,1.3,0,0,29,06:35.5,Fri 12:06,Fri 25
3.65,2.05,3.4,4.1,2.75,2.25,2.85,1.8,8.25,VFL BERN  VFL BRUSSELS,Fri 12:13,0,0,1.6,2.35,2.9,1.4,6.5,1.12,0,0,30,11:12.0,Fri 12:11,Fri 25
1.4,7.75,4.9,1.75,6.25,3.2,1.4,3.7,19.5,VFL ROME  VFL EDINBURGH,Fri 12:13,0,0,0,0,1.6,2.3,2.45,1.55,4.15,1.22,30,11:12.0,Fri 12:11,Fri 25
3.4,1.9,4.35,3.8,2.3,2.85,2.65,1.65,21,VFL PARIS  VFL AMSTERDAM,Fri 12:13,0,0,1.25,4.15,1.8,2.05,3.3,1.35,0,0,30,11:12.0,Fri 12:11,Fri 25
1.85,4.1,3.85,2.2,4.75,2.6,1.7,2.85,11.75,VFL BERLIN  VFL OSLO,Fri 12:13,0,0,1.3,3.45,1.95,1.9,3.6,1.3,0,0,30,11:12.0,Fri 12:11,Fri 25
2.65,2.3,4.1,3.2,2.85,2.6,2.15,2,14.75,VFL VIENNA  VFL STOCKHOLM,Fri 12:13,0,0,1.3,3.5,2,1.8,3.6,1.3,0,0,30,11:12.0,Fri 12:11,Fri 25
2.5,2.55,3.85,3,3.3,2.45,1.95,2.15,18.75,VFL LISBON  VFL MADRID,Fri 12:13,0,0,1.25,3.9,1.95,1.85,3.3,1.35,0,0,30,11:12.0,Fri 12:11,Fri 25
3.5,2.5,2.8,3.95,3.15,2.1,2.7,2.05,6,VFL COPENHAGEN  VFL ATHENS,Fri 12:13,1.16,6,1.7,2.2,3.15,1.35,0,0,0,0,30,11:12.0,Fri 12:11,Fri 25
5.75,1.55,4.25,5.5,2.05,2.55,2.85,1.6,19.5,VFL ANKARA  VFL LONDON,Fri 12:13,0,0,1.2,4.75,1.65,2.25,2.85,1.45,0,0,30,11:12.0,Fri 12:11,Fri 25
1.25,9.5,6.75,1.55,7.75,3.65,1.3,4.35,56,VFL MADRID  VFL EDINBURGH,Fri 12:21,0,0,0,0,1.4,2.9,2.2,1.65,3.9,1.25,1,21:18.3,Fri 12:21,Fri 25
4.8,1.95,3,6,2.75,1.95,3.25,1.8,6,VFL VIENNA  VFL BRUSSELS,Fri 12:21,1.15,6,1.7,2.15,3.25,1.35,0,0,0,0,1,21:18.3,Fri 12:21,Fri 25
3,2.1,4.15,3.55,2.6,2.6,2.3,1.85,17.5,VFL STOCKHOLM  VFL OSLO,Fri 12:21,0,0,1.22,4.45,1.65,2.25,2.65,1.5,0,0,1,21:18.3,Fri 12:21,Fri 25
2.25,3,3.6,2.6,3.55,2.6,1.8,2.4,16.75,VFL ATHENS  VFL PARIS,Fri 12:21,0,0,1.25,4.05,1.9,1.9,3.55,1.3,0,0,1,21:18.3,Fri 12:21,Fri 25
6.25,1.6,3.65,6.5,2.1,2.45,4.05,1.5,9,VFL COPENHAGEN  VFL AMSTERDAM,Fri 12:21,0,0,1.55,2.45,2.75,1.45,5.5,1.15,0,0,1,21:18.3,Fri 12:21,Fri 25
1.35,9.75,4.95,1.65,7.5,3.15,1.3,5,16.75,VFL BERLIN  VFL ANKARA,Fri 12:21,0,0,1.25,3.95,1.75,2.1,3.2,1.35,0,0,1,21:18.3,Fri 12:21,Fri 25
1.9,3.75,3.85,2.4,4.55,2.4,1.7,2.65,14.75,VFL LONDON  VFL ROME,Fri 12:21,0,0,1.22,4.25,1.7,2.15,2.6,1.5,0,0,1,21:18.3,Fri 12:21,Fri 25
4.6,1.8,3.7,4.9,2.2,2.55,3.3,1.55,11,VFL BERN  VFL LISBON,Fri 12:21,0,0,1.35,3.2,2.2,1.7,4.25,1.22,0,0,1,21:18.3,Fri 12:21,Fri 25
3.9,1.8,4.25,4.35,2.2,2.75,2.4,1.75,27,VFL PARIS  VFL MADRID,Fri 12:35,0,0,0,0,1.45,2.75,2.35,1.6,4.45,1.22,4,31:57.7,Fri 12:31,Fri 25
1.5,5.5,5.25,1.75,5.25,3.45,1.5,3.05,38,VFL ROME  VFL STOCKHOLM,Fri 12:35,0,0,0,0,1.5,2.65,2.2,1.65,3.95,1.25,4,31:57.7,Fri 12:31,Fri 25
1.65,5.75,3.6,2.35,5.25,2.3,1.65,3.05,9.75,VFL BRUSSELS  VFL ANKARA,Fri 12:35,0,0,1.4,3,2.4,1.55,5,1.18,0,0,4,31:57.7,Fri 12:31,Fri 25
1.4,6.75,5.25,1.85,7.25,2.75,1.4,3.95,15.5,VFL AMSTERDAM  VFL ATHENS,Fri 12:35,0,0,1.3,3.65,1.8,2,3.2,1.35,0,0,4,31:57.7,Fri 12:31,Fri 25
2.35,2.8,3.8,2.8,3.25,2.55,2,2.1,18.25,VFL OSLO  VFL BERLIN,Fri 12:35,0,0,1.3,3.6,2,1.8,3.75,1.3,0,0,4,31:57.7,Fri 12:31,Fri 25
1.25,10,6.75,1.5,9.25,3.6,1.25,4.75,28,VFL LONDON  VFL BERN,Fri 12:35,0,0,0,0,1.6,2.4,2.65,1.5,4.7,1.2,4,31:57.7,Fri 12:31,Fri 25
2.25,3.25,3.35,3,3.7,2.25,1.95,2.3,11.5,VFL EDINBURGH  VFL COPENHAGEN,Fri 12:35,0,0,1.45,2.85,2.65,1.5,5.25,1.16,0,0,4,31:57.7,Fri 12:31,Fri 25
1.45,9.5,4.05,1.85,10,2.45,1.35,5.25,9.25,VFL LISBON  VFL VIENNA,Fri 12:35,0,0,1.45,2.8,2.5,1.55,5.25,1.16,0,0,4,31:57.7,Fri 12:31,Fri 25
1.55,6.25,4.05,2.15,7.25,2.2,1.55,3.55,9,VFL AMSTERDAM  VFL BRUSSELS,Fri 12:44,0,0,1.45,2.7,2.3,1.6,4.35,1.22,0,0,6,41:55.7,Fri 12:41,Fri 25
1.4,8.25,4.55,1.9,8.25,2.5,1.4,4.35,12,VFL LONDON  VFL COPENHAGEN,Fri 12:44,0,0,1.3,3.4,2.1,1.75,4.15,1.25,0,0,6,41:55.7,Fri 12:41,Fri 25
1.4,6.75,5.5,1.9,6.25,2.75,1.4,3.4,29,VFL OSLO  VFL ANKARA,Fri 12:44,0,0,1.22,4.4,1.8,2,3.1,1.4,0,0,6,41:55.7,Fri 12:41,Fri 25
5,1.6,4.25,5.5,1.95,2.8,3.25,1.55,14,VFL EDINBURGH  VFL BERLIN,Fri 12:44,0,0,1.25,3.85,1.85,1.95,3.45,1.3,0,0,6,41:55.8,Fri 12:41,Fri 25
1.7,6.25,3.3,2.25,6.5,2.2,1.6,3.45,8.75,VFL LISBON  VFL ATHENS,Fri 12:44,0,0,1.45,2.75,2.55,1.5,5,1.16,0,0,6,41:55.8,Fri 12:41,Fri 25
1.7,4.4,4.3,2.1,5.5,2.6,1.5,3.25,18.25,VFL PARIS  VFL BERN,Fri 12:44,0,0,1.25,4.1,1.85,1.95,3.25,1.35,0,0,6,41:55.8,Fri 12:41,Fri 25
1.4,6.75,5.75,1.7,5.75,3.6,1.45,3.2,35,VFL MADRID  VFL STOCKHOLM,Fri 12:44,0,0,0,0,1.35,3.3,1.85,1.95,3.1,1.35,6,41:55.8,Fri 12:41,Fri 25
1.4,8.25,4.55,1.9,7.75,2.55,1.4,3.9,17,VFL ROME  VFL VIENNA,Fri 12:44,0,0,1.3,3.6,1.95,1.9,3.5,1.3,0,0,6,41:55.8,Fri 12:41,Fri 25
2,4.7,2.95,2.5,6,2.1,1.75,3.3,6.5,VFL LISBON  VFL BRUSSELS,Fri 12:53,0,0,1.6,2.35,2.95,1.4,5.5,1.15,0,0,8,52:45.9,Fri 12:52,Fri 25
2.6,2.5,3.75,3,2.9,2.7,2.05,2.1,15.5,VFL LONDON  VFL BERLIN,Fri 12:53,0,0,1.22,4.15,1.75,2.1,2.85,1.45,0,0,8,52:45.9,Fri 12:52,Fri 25
1.6,5.25,4.35,2,5.25,2.7,1.5,3.25,17.25,VFL ROME  VFL ATHENS,Fri 12:53,0,0,1.2,4.5,1.65,2.25,2.95,1.4,0,0,8,52:45.9,Fri 12:52,Fri 25
2.65,2.65,3.45,3.15,3.35,2.3,2.05,2.1,14.75,VFL OSLO  VFL AMSTERDAM,Fri 12:53,0,0,1.3,3.4,1.95,1.85,3.1,1.35,0,0,8,52:45.9,Fri 12:52,Fri 25
2.3,3,3.55,2.7,3.4,2.6,1.85,2.3,19,VFL EDINBURGH  VFL ANKARA,Fri 12:53,0,0,1.3,3.45,2.1,1.75,4.05,1.25,0,0,8,52:45.9,Fri 12:52,Fri 25
2,3.15,4.35,2.65,3.9,2.4,1.75,2.4,24,VFL PARIS  VFL STOCKHOLM,Fri 12:53,0,0,0,0,1.6,2.4,2.5,1.55,4.3,1.22,8,52:45.9,Fri 12:52,Fri 25
2.75,2.8,3.1,3.6,4.05,1.9,2.15,2.3,7.25,VFL BERN  VFL COPENHAGEN,Fri 12:53,1.12,7.25,1.6,2.35,2.8,1.45,0,0,0,0,8,52:45.9,Fri 12:52,Fri 25
1.25,11,6.5,1.5,12,3.4,1.25,5.5,19.75,VFL MADRID  VFL VIENNA,Fri 12:53,0,0,1.22,4.3,1.7,2.2,2.85,1.45,0,0,8,52:45.9,Fri 12:52,Fri 25
2.1,3.1,4.05,2.95,3.1,2.55,1.85,2.25,21,VFL BERLIN  VFL MADRID,Fri 12:58,0,0,1.22,4.2,1.75,2.1,3.05,1.4,0,0,9,57:22.7,Fri 12:57,Fri 25
2.35,2.75,3.8,3.45,3.8,2,2.1,2.25,9.25,VFL COPENHAGEN  VFL STOCKHOLM,Fri 12:58,0,0,1.5,2.65,2.4,1.6,4.75,1.2,0,0,9,57:22.7,Fri 12:57,Fri 25
2.2,3.65,3.15,2.85,4.15,2.2,1.9,2.65,7.75,VFL VIENNA  VFL BERN,Fri 12:58,0,0,1.55,2.5,2.65,1.5,5,1.18,0,0,9,57:22.7,Fri 12:57,Fri 25
1.6,6.25,3.7,2.1,7.25,2.3,1.55,3.8,8.75,VFL BRUSSELS  VFL EDINBURGH,Fri 12:58,0,0,1.45,2.8,2.45,1.55,4.9,1.18,0,0,9,57:22.7,Fri 12:57,Fri 25
1.75,4.8,3.65,2.25,4.8,2.55,1.65,2.95,12,VFL AMSTERDAM  VFL LISBON,Fri 12:58,0,0,1.35,3.1,2.15,1.7,4,1.25,0,0,9,57:22.7,Fri 12:57,Fri 25
3.6,1.9,4.15,3.75,2.35,2.8,2.35,1.85,16,VFL ATHENS  VFL LONDON,Fri 12:58,0,0,1.25,3.9,1.8,2.05,2.9,1.4,0,0,9,57:22.7,Fri 12:57,Fri 25
1.65,5.25,4.05,2.05,4.85,2.85,1.55,2.9,20,VFL OSLO  VFL PARIS,Fri 12:58,0,0,1.2,4.55,1.7,2.15,2.8,1.45,0,0,9,57:22.7,Fri 12:57,Fri 25
3.25,2.05,4,3.4,2.6,2.7,2.3,1.85,17,VFL ANKARA  VFL ROME,Fri 12:58,0,0,1.22,4.3,1.8,2,3.15,1.35,0,0,9,57:22.7,Fri 12:57,Fri 25
1.75,4.25,4.05,2.15,4.1,2.9,1.6,2.9,16.5,VFL LISBON  VFL PARIS,Fri 13:07,0,0,1.3,3.75,1.9,1.9,3.45,1.3,0,0,11,02:49.2,Fri 13:02,Fri 25
1.8,4.4,3.75,2.05,4.8,2.8,1.65,2.9,13.25,VFL ATHENS  VFL BERN,Fri 13:07,0,0,1.4,3,2.25,1.65,4.1,1.25,0,0,11,02:49.2,Fri 13:02,Fri 25
1.4,6.75,5,1.85,6,2.95,1.45,3.45,18,VFL BERLIN  VFL STOCKHOLM,Fri 13:07,0,0,1.22,4.45,1.7,2.2,2.6,1.5,0,0,11,02:49.2,Fri 13:02,Fri 25
1.45,6.75,4.95,1.85,6.5,2.8,1.4,3.9,19.5,VFL OSLO  VFL EDINBURGH,Fri 13:07,0,0,1.25,4,1.75,2.1,2.7,1.45,0,0,11,02:49.2,Fri 13:02,Fri 25
3.2,2.3,3.25,4.2,2.65,2.35,2.6,1.8,11.25,VFL BRUSSELS  VFL LONDON,Fri 13:07,0,0,1.4,3.1,2.3,1.65,4.25,1.22,0,0,11,02:49.2,Fri 13:02,Fri 25
1.8,4.25,3.8,2.3,4.35,2.6,1.65,2.8,14.25,VFL AMSTERDAM  VFL ROME,Fri 13:07,0,0,1.22,4.2,1.8,2.05,2.9,1.4,0,0,11,02:49.2,Fri 13:02,Fri 25
2.9,2.7,2.95,3.35,3.3,2.25,2.45,2.05,7.25,VFL VIENNA  VFL COPENHAGEN,Fri 13:07,1.12,7.25,1.75,2.1,3.35,1.35,0,0,0,0,11,02:49.2,Fri 13:02,Fri 25
4.8,1.65,4.35,6,1.95,2.7,3.2,1.5,20,VFL ANKARA  VFL MADRID,Fri 13:07,0,0,1.22,4.3,1.7,2.2,3,1.4,0,0,11,02:49.2,Fri 13:02,Fri 25
1.65,5.75,3.6,2.2,6.25,2.35,1.65,3,12,VFL PARIS  VFL VIENNA,Fri 13:11,0,0,1.3,3.6,2.05,1.8,3.85,1.25,0,0,12,08:20.5,Fri 13:08,Fri 25
2.55,2.75,3.35,3.4,3.45,2.15,2.05,2.2,11,VFL BERN  VFL ANKARA,Fri 13:11,0,0,1.4,3.05,2.2,1.65,4.25,1.22,0,0,12,08:20.5,Fri 13:08,Fri 25
2.15,3.25,3.6,2.5,3.7,2.6,1.8,2.35,20,VFL STOCKHOLM  VFL ATHENS,Fri 13:11,0,0,1.18,4.8,1.65,2.25,2.85,1.45,0,0,12,08:20.5,Fri 13:08,Fri 25
2,3.5,3.75,2.45,3.65,2.7,1.85,2.35,18.25,VFL ROME  VFL OSLO,Fri 13:11,0,0,1.22,4.25,1.7,2.15,2.7,1.5,0,0,12,08:20.5,Fri 13:08,Fri 25
4.35,1.75,4,4.6,2.1,2.75,2.7,1.7,14.75,VFL EDINBURGH  VFL LISBON,Fri 13:11,0,0,1.3,3.5,1.9,1.9,3.6,1.3,0,0,12,08:20.5,Fri 13:08,Fri 25
2.15,3.15,3.7,2.7,3.5,2.55,1.8,2.35,23,VFL LONDON  VFL AMSTERDAM,Fri 13:11,0,0,1.2,4.7,1.75,2.05,3.1,1.35,0,0,12,08:20.5,Fri 13:08,Fri 25
5.75,1.7,3.5,6.75,2,2.45,3.6,1.55,9,VFL COPENHAGEN  VFL BERLIN,Fri 13:11,0,0,1.6,2.35,2.65,1.5,5,1.18,0,0,12,08:20.5,Fri 13:08,Fri 25
1.45,5.75,5,1.85,7,2.65,1.4,3.8,18.5,VFL MADRID  VFL BRUSSELS,Fri 13:11,0,0,1.25,4.05,1.75,2.05,3.45,1.3,0,0,12,08:20.5,Fri 13:08,Fri 25
1.9,4.5,3.35,2.65,5.25,2.1,1.8,3.1,7,VFL ATHENS  VFL COPENHAGEN,Fri 13:16,1.12,7,1.65,2.25,2.9,1.4,0,0,0,0,13,12:57.7,Fri 13:12,Fri 25
1.35,9.75,4.8,1.65,10.5,2.85,1.3,5.5,12,VFL BERLIN  VFL VIENNA,Fri 13:16,0,0,1.3,3.4,2.05,1.8,3.85,1.25,0,0,13,12:57.7,Fri 13:12,Fri 25
1.65,6.5,3.35,2.05,7.25,2.35,1.55,3.75,8.25,VFL BRUSSELS  VFL BERN,Fri 13:16,0,0,1.45,2.8,2.6,1.5,4.95,1.18,0,0,13,12:57.7,Fri 13:12,Fri 25
2.15,3,4.05,2.7,3.45,2.6,1.85,2.2,28,VFL AMSTERDAM  VFL MADRID,Fri 13:16,0,0,1.2,4.65,1.7,2.15,2.7,1.45,0,0,13,12:57.7,Fri 13:12,Fri 25
2.45,2.6,3.85,2.9,2.9,2.8,2.15,1.95,18.5,VFL OSLO  VFL LONDON,Fri 13:16,0,0,1.2,4.55,1.7,2.2,2.8,1.45,0,0,13,12:57.7,Fri 13:12,Fri 25
2.25,3.05,3.65,3.05,3.95,2.15,1.95,2.2,14.5,VFL LISBON  VFL ROME,Fri 13:16,0,0,1.35,3.15,2.15,1.7,4.05,1.25,0,0,13,12:57.7,Fri 13:12,Fri 25
2.9,2.25,3.8,3.7,2.45,2.7,2.25,1.95,15,VFL EDINBURGH  VFL PARIS,Fri 13:16,0,0,1.25,4.15,1.65,2.2,2.8,1.45,0,0,13,12:57.7,Fri 13:12,Fri 25
2.5,2.65,3.65,2.9,3.5,2.4,1.9,2.2,17,VFL ANKARA  VFL STOCKHOLM,Fri 13:16,0,0,1.22,4.4,1.65,2.25,2.7,1.45,0,0,13,12:57.7,Fri 13:12,Fri 25
6.75,1.45,4.5,7.25,1.95,2.5,3.4,1.5,15.75,VFL BERN  VFL AMSTERDAM,Fri 13:21,0,0,1.3,3.5,2,1.85,3.35,1.35,0,0,14,18:31.7,Fri 13:18,Fri 25
1.8,3.8,4.25,2.25,3.75,2.9,1.75,2.4,21,VFL MADRID  VFL OSLO,Fri 13:21,0,0,0,0,1.55,2.45,2.35,1.6,4.25,1.22,14,18:31.7,Fri 13:18,Fri 25
1.9,3.75,3.9,2.2,4.35,2.75,1.7,2.75,13,VFL LONDON  VFL LISBON,Fri 13:21,0,0,1.3,3.4,1.95,1.85,3.55,1.3,0,0,14,18:31.7,Fri 13:18,Fri 25
3.8,1.95,3.65,4.4,2.3,2.6,2.75,1.7,13.25,VFL PARIS  VFL BERLIN,Fri 13:21,0,0,1.3,3.7,1.9,1.9,3.45,1.3,0,0,14,18:31.7,Fri 13:18,Fri 25
3,2.3,3.55,3.65,3.5,2.05,2.15,2.2,8.5,VFL VIENNA  VFL ATHENS,Fri 13:21,0,0,1.65,2.25,2.8,1.45,6,1.14,0,0,14,18:31.7,Fri 13:18,Fri 25
2.1,3.6,3.45,2.65,4.85,2.15,1.75,2.9,8.5,VFL COPENHAGEN  VFL ANKARA,Fri 13:21,0,0,1.55,2.45,2.8,1.45,5.5,1.16,0,0,14,18:31.7,Fri 13:18,Fri 25
1.4,8,4.85,1.75,6.25,3.15,1.45,3.65,18,VFL ROME  VFL EDINBURGH,Fri 13:21,0,0,0,0,1.65,2.3,2.45,1.55,4.1,1.25,14,18:31.7,Fri 13:18,Fri 25
2.5,2.8,3.45,3.25,3.7,2.1,2.15,2.1,10.5,VFL STOCKHOLM  VFL BRUSSELS,Fri 13:21,0,0,1.4,2.9,2.2,1.7,4.25,1.22,0,0,14,18:31.7,Fri 13:18,Fri 25
4.1,1.85,3.65,4.9,2.7,2.1,2.85,1.8,8.5,VFL COPENHAGEN  VFL OSLO,Fri 13:34,0,0,1.6,2.3,2.95,1.4,6.25,1.12,0,0,17,33:40.2,Fri 13:33,Fri 25
1.95,4.25,3.3,2.45,5,2.25,1.7,2.85,11,VFL ATHENS  VFL ANKARA,Fri 13:34,0,0,1.35,3.35,2.2,1.65,4,1.25,0,0,17,33:40.2,Fri 13:33,Fri 25
1.6,5.25,4.35,1.9,5.75,2.85,1.55,3.05,19,VFL LONDON  VFL PARIS,Fri 13:34,0,0,0,0,1.65,2.25,2.6,1.5,4.75,1.2,17,33:40.2,Fri 13:33,Fri 25
1.7,4,4.7,2,3.85,3.45,1.65,2.5,44,VFL MADRID  VFL ROME,Fri 13:34,0,0,0,0,1.45,2.75,2.25,1.65,3.85,1.25,17,33:40.2,Fri 13:33,Fri 25
6,1.65,3.65,6,2.05,2.5,3.7,1.55,8.25,VFL VIENNA  VFL AMSTERDAM,Fri 13:34,0,0,1.5,2.65,2.4,1.6,4.65,1.2,0,0,17,33:40.2,Fri 13:33,Fri 25
1.65,5.5,3.75,2.35,6,2.2,1.6,3.45,9.5,VFL BERLIN  VFL BRUSSELS,Fri 13:34,0,0,1.4,3.1,2.15,1.7,4.25,1.22,0,0,17,33:40.2,Fri 13:33,Fri 25
3.3,2.05,3.85,3.75,2.55,2.55,2.45,1.8,16,VFL STOCKHOLM  VFL LISBON,Fri 13:34,0,0,1.25,4,1.85,1.95,3.15,1.35,0,0,17,33:40.2,Fri 13:33,Fri 25
2.4,2.8,3.6,2.6,3.8,2.45,1.95,2.25,13,VFL BERN  VFL EDINBURGH,Fri 13:34,0,0,1.35,3.15,2.2,1.65,4.15,1.22,0,0,17,33:40.2,Fri 13:33,Fri 25
1.35,8.25,5,1.75,5.75,3.35,1.45,3.6,18.5,VFL ROME  VFL BERN,Fri 13:39,0,0,1.18,4.8,1.65,2.25,2.8,1.45,0,0,18,38:58.6,Fri 13:38,Fri 25
2.2,2.75,4.4,2.75,3.1,2.75,2,2.05,22,VFL LONDON  VFL MADRID,Fri 13:39,0,0,0,0,1.55,2.45,2.45,1.55,4.2,1.22,18,38:58.6,Fri 13:38,Fri 25
2.4,2.55,4.2,2.9,2.95,2.75,1.95,2.1,20,VFL EDINBURGH  VFL STOCKHOLM,Fri 13:39,0,0,0,0,1.55,2.5,2.4,1.6,4.4,1.22,18,38:58.6,Fri 13:38,Fri 25
2.15,3.3,3.55,2.5,3.75,2.6,1.9,2.4,12,VFL AMSTERDAM  VFL BERLIN,Fri 13:39,0,0,1.3,3.55,1.95,1.85,3.3,1.35,0,0,18,38:58.6,Fri 13:38,Fri 25
1.6,4.35,5,1.95,5.25,2.85,1.5,3.25,16.75,VFL PARIS  VFL ANKARA,Fri 13:39,0,0,1.25,3.85,1.7,2.2,3.1,1.35,0,0,18,38:58.6,Fri 13:38,Fri 25
2.15,3.85,3.05,2.7,4.85,2.1,1.85,3,6.75,VFL BRUSSELS  VFL ATHENS,Fri 13:39,1.14,6.75,1.6,2.4,2.95,1.4,0,0,0,0,18,38:58.6,Fri 13:38,Fri 25
1.35,10.5,4.45,1.85,9,2.5,1.35,4.7,13.5,VFL OSLO  VFL VIENNA,Fri 13:39,0,0,1.3,3.6,1.95,1.85,3.8,1.25,0,0,18,38:58.6,Fri 13:38,Fri 25
1.6,7,3.55,2.05,7,2.35,1.45,4.7,7.25,VFL LISBON  VFL COPENHAGEN,Fri 13:39,1.12,7.25,1.5,2.6,2.6,1.5,0,0,0,0,18,38:58.6,Fri 13:38,Fri 25
3.9,2,3.45,4.2,2.35,2.6,2.75,1.7,12.75,VFL ATHENS  VFL AMSTERDAM,Fri 13:44,0,0,1.35,3.2,2.2,1.7,3.9,1.25,0,0,19,43:31.8,Fri 13:43,Fri 25
1.95,4.15,3.35,2.65,4.85,2.15,1.8,2.8,8.75,VFL COPENHAGEN  VFL EDINBURGH,Fri 13:44,0,0,1.55,2.45,2.7,1.45,5.75,1.14,0,0,19,43:31.8,Fri 13:43,Fri 25
4.65,1.7,4,6,2.25,2.25,3.7,1.55,8.5,VFL VIENNA  VFL LISBON,Fri 13:44,0,0,1.6,2.35,2.75,1.45,6.25,1.12,0,0,19,43:31.8,Fri 13:43,Fri 25
3.15,2.5,3.05,3.75,2.9,2.25,2.35,2.1,7.75,VFL ANKARA  VFL BRUSSELS,Fri 13:44,0,0,1.55,2.45,2.8,1.45,6,1.12,0,0,19,43:31.8,Fri 13:43,Fri 25
6,1.5,4.4,5,2.05,2.7,3.1,1.5,22,VFL BERN  VFL LONDON,Fri 13:44,0,0,1.22,4.3,1.75,2.1,2.8,1.45,0,0,19,43:31.8,Fri 13:43,Fri 25
1.85,3.95,3.85,2.25,4.7,2.5,1.7,2.8,11.75,VFL BERLIN  VFL OSLO,Fri 13:44,0,0,1.3,3.4,1.95,1.85,3.75,1.3,0,0,19,43:31.8,Fri 13:43,Fri 25
1.45,4.85,6.25,1.8,5.75,3.15,1.45,3.1,41,VFL MADRID  VFL PARIS,Fri 13:44,0,0,0,0,1.35,3.3,2,1.8,3.45,1.3,19,43:31.8,Fri 13:43,Fri 25
2.95,2.2,3.8,2.95,2.85,2.75,2.1,1.95,23,VFL STOCKHOLM  VFL ROME,Fri 13:44,0,0,0,0,1.55,2.45,2.4,1.6,4.4,1.22,19,43:31.8,Fri 13:43,Fri 25
1.3,10,5.25,1.65,8.25,3.05,1.35,4.45,17,VFL AMSTERDAM  VFL ANKARA,Fri 13:48,0,0,1.22,4.35,1.7,2.15,2.85,1.45,0,0,20,48:05.4,Fri 13:48,Fri 25
1.45,5.5,5.25,1.85,4.8,3.35,1.45,3.2,32,VFL LONDON  VFL STOCKHOLM,Fri 13:48,0,0,0,0,1.5,2.6,2.3,1.6,4,1.25,20,48:05.4,Fri 13:48,Fri 25
1.65,5.5,4,1.9,5.75,2.8,1.55,3,16.5,VFL OSLO  VFL ATHENS,Fri 13:48,0,0,1.3,3.7,1.9,1.9,3.4,1.3,0,0,20,48:05.4,Fri 13:48,Fri 25
2.3,3.3,3.2,3.05,4.05,2.1,1.9,2.45,10.75,VFL PARIS  VFL BRUSSELS,Fri 13:48,0,0,1.4,2.95,2.3,1.65,4.5,1.2,0,0,20,48:05.4,Fri 13:48,Fri 25
1.3,9,6.25,1.55,9,3.3,1.3,4.45,35,VFL MADRID  VFL BERN,Fri 13:48,0,0,0,0,1.55,2.5,2.4,1.6,4.35,1.22,20,48:05.4,Fri 13:48,Fri 25
1.5,6.25,4.35,1.95,6.25,2.6,1.45,3.55,15.25,VFL ROME  VFL COPENHAGEN,Fri 13:48,0,0,1.3,3.55,2,1.85,3.45,1.3,0,0,20,48:05.4,Fri 13:48,Fri 25
2.65,2.45,3.8,3.3,3.1,2.35,2.15,2.15,10.5,VFL LISBON  VFL BERLIN,Fri 13:48,0,0,1.45,2.85,2.3,1.6,4,1.25,0,0,20,48:05.4,Fri 13:48,Fri 25
2.15,3.25,3.55,2.65,4.5,2.2,1.8,2.7,9.75,VFL EDINBURGH  VFL VIENNA,Fri 13:48,0,0,1.5,2.65,2.4,1.55,4.75,1.2,0,0,20,48:05.4,Fri 13:48,Fri 25
2.05,3.65,3.45,2.5,3.6,2.65,1.8,2.3,20,VFL BERLIN  VFL LONDON,Fri 14:02,0,0,1.2,4.7,1.8,2.05,3,1.4,0,0,23,58:01.3,Fri 13:58,Fri 25
5,1.55,4.65,6,1.9,2.85,3.55,1.5,13.5,VFL VIENNA  VFL MADRID,Fri 14:02,0,0,1.3,3.45,1.95,1.9,4,1.25,0,0,23,58:01.3,Fri 13:58,Fri 25
2,3.3,4.05,2.45,4.3,2.45,1.85,2.45,13,VFL ANKARA  VFL EDINBURGH,Fri 14:02,0,0,1.4,3.1,2.05,1.8,3.35,1.35,0,0,23,58:01.3,Fri 13:58,Fri 25
3.1,2.5,3.05,3.8,3.4,2.05,2.25,2.2,7.5,VFL BRUSSELS  VFL LISBON,Fri 14:02,1.12,7.5,1.65,2.25,3,1.4,0,0,0,0,23,58:01.4,Fri 13:58,Fri 25
1.85,4.7,3.3,2.55,5.5,2.1,1.75,3.1,7.75,VFL COPENHAGEN  VFL BERN,Fri 14:02,0,0,1.55,2.55,2.8,1.45,6.5,1.12,0,0,23,58:01.4,Fri 13:58,Fri 25
1.65,4.05,4.85,2.15,4.5,2.75,1.5,2.85,38,VFL AMSTERDAM  VFL OSLO,Fri 14:02,0,0,1.2,4.55,1.8,2.05,3,1.4,0,0,23,58:01.4,Fri 13:58,Fri 25
2.2,2.65,4.55,2.9,3.55,2.4,1.8,2.25,33,VFL STOCKHOLM  VFL PARIS,Fri 14:02,0,0,0,0,1.5,2.55,2.35,1.6,4.1,1.25,23,58:01.4,Fri 13:58,Fri 25
3.2,2.05,3.95,3.3,2.55,2.8,2.3,1.85,19.25,VFL ATHENS  VFL ROME,Fri 14:02,0,0,1.22,4.15,1.85,2,3.35,1.35,0,0,23,58:01.4,Fri 13:58,Fri 25
2.1,3.85,3.2,2.65,5.25,2.1,1.85,3.15,6,VFL COPENHAGEN  VFL VIENNA,Fri 14:16,1.16,6,1.85,1.95,3.3,1.35,0,0,0,0,26,13:40.8,Fri 14:13,Fri 25
1.3,10,5.5,1.6,9.25,3.1,1.35,4.35,22,VFL MADRID  VFL ANKARA,Fri 14:16,0,0,0,0,1.6,2.35,2.5,1.55,4.55,1.2,26,13:40.8,Fri 14:13,Fri 25
3.25,2.25,3.4,3.9,2.85,2.25,2.5,1.95,8.75,VFL BERN  VFL ATHENS,Fri 14:16,0,0,1.5,2.6,2.55,1.5,5.25,1.16,0,0,26,13:40.8,Fri 14:13,Fri 25
2.5,2.6,3.85,3.05,3.45,2.3,1.95,2.15,19,VFL ROME  VFL AMSTERDAM,Fri 14:16,0,0,1.22,4.15,1.7,2.15,2.85,1.45,0,0,26,13:40.8,Fri 14:13,Fri 25
3.95,1.8,4.05,4.75,2.2,2.6,2.85,1.6,18,VFL STOCKHOLM  VFL BERLIN,Fri 14:16,0,0,1.2,4.6,1.7,2.2,2.95,1.4,0,0,26,13:40.8,Fri 14:13,Fri 25
4.65,1.75,3.7,4.35,2.25,2.65,2.7,1.65,17.75,VFL EDINBURGH  VFL OSLO,Fri 14:16,0,0,1.25,4.1,1.9,1.9,3.35,1.35,0,0,26,13:40.8,Fri 14:13,Fri 25
1.75,5.25,3.5,2.15,6,2.4,1.6,3.15,10.25,VFL LONDON  VFL BRUSSELS,Fri 14:16,0,0,1.4,3,2.3,1.6,4.35,1.22,0,0,26,13:40.8,Fri 14:13,Fri 25
2.95,2.2,3.9,3.55,2.8,2.45,2.3,1.9,14,VFL PARIS  VFL LISBON,Fri 14:16,0,0,1.35,3.2,2.1,1.75,4.1,1.25,0,0,26,13:40.8,Fri 14:13,Fri 25
1.35,12,4.35,1.85,8.25,2.6,1.4,4.25,12.25,VFL BERLIN  VFL COPENHAGEN,Fri 14:20,0,0,1.35,3.25,2.2,1.7,3.9,1.25,0,0,27,18:14.8,Fri 14:18,Fri 25
3.05,2.15,3.85,3.85,2.8,2.3,2.35,1.9,12,VFL VIENNA  VFL PARIS,Fri 14:20,0,0,1.4,3.05,2.05,1.75,4.35,1.22,0,0,27,18:14.8,Fri 14:18,Fri 25
1.95,3.6,3.85,2.6,3.45,2.7,1.8,2.35,18,VFL ATHENS  VFL STOCKHOLM,Fri 14:20,0,0,1.25,4.1,1.75,2.1,2.9,1.4,0,0,27,18:14.8,Fri 14:18,Fri 25
1.4,8.5,4.8,1.8,8.5,2.65,1.4,4.05,15,VFL LISBON  VFL EDINBURGH,Fri 14:20,0,0,1.3,3.65,1.9,1.9,3.35,1.35,0,0,27,18:14.8,Fri 14:18,Fri 25
2.05,3,4.35,2.5,3.5,2.75,1.8,2.35,19.25,VFL AMSTERDAM  VFL LONDON,Fri 14:20,0,0,1.25,4,1.7,2.15,2.9,1.4,0,0,27,18:14.8,Fri 14:18,Fri 25
2,3.6,3.65,2.5,3.85,2.6,1.8,2.4,17,VFL OSLO  VFL ROME,Fri 14:20,0,0,1.22,4.3,1.7,2.15,2.7,1.45,0,0,27,18:14.8,Fri 14:18,Fri 25
1.9,3.95,3.6,2.8,4.1,2.2,1.75,2.55,13.5,VFL ANKARA  VFL BERN,Fri 14:20,0,0,1.35,3.25,2.1,1.75,4.05,1.25,0,0,27,18:14.8,Fri 14:18,Fri 25
3.2,2.2,3.45,4,2.5,2.5,2.5,1.8,13.25,VFL BRUSSELS  VFL MADRID,Fri 14:20,0,0,1.3,3.6,2,1.8,3.95,1.25,0,0,27,18:14.8,Fri 14:18,Fri 25
5.5,1.65,3.7,5.75,2.1,2.45,3.1,1.65,10,VFL VIENNA  VFL BERLIN,Fri 14:25,0,0,1.45,2.7,2.5,1.55,5.25,1.16,0,0,28,22:55.5,Fri 14:22,Fri 25
2.05,3.25,3.95,2.15,3.45,3.4,1.8,2.3,23,VFL MADRID  VFL AMSTERDAM,Fri 14:25,0,0,0,0,1.5,2.55,2.4,1.6,4.85,1.18,28,22:55.5,Fri 14:22,Fri 25
3.45,2.45,2.8,3.9,3.1,2.1,2.65,2.05,6.25,VFL COPENHAGEN  VFL ATHENS,Fri 14:25,1.15,6.25,1.7,2.2,3.25,1.35,0,0,0,0,28,22:55.5,Fri 14:22,Fri 25
1.95,3.6,3.8,2.4,3.55,2.9,1.8,2.45,16.25,VFL ROME  VFL LISBON,Fri 14:25,0,0,1.25,3.8,1.9,1.9,3.3,1.35,0,0,28,22:55.5,Fri 14:22,Fri 25
1.8,3.9,4.1,2.1,4.85,2.7,1.6,2.8,21,VFL STOCKHOLM  VFL ANKARA,Fri 14:25,0,0,0,0,1.55,2.4,2.5,1.55,4.65,1.2,28,22:55.5,Fri 14:22,Fri 25
1.7,4.45,4.3,1.9,5.25,3,1.45,3.55,16.25,VFL PARIS  VFL EDINBURGH,Fri 14:25,0,0,1.22,4.2,1.7,2.2,2.75,1.45,0,0,28,22:55.5,Fri 14:22,Fri 25
3.65,2.05,3.4,4.1,2.75,2.25,2.85,1.8,7.75,VFL BERN  VFL BRUSSELS,Fri 14:25,0,0,1.6,2.35,2.95,1.4,6.75,1.12,0,0,28,22:55.5,Fri 14:22,Fri 25
1.95,3.85,3.5,2.5,4.15,2.45,1.8,2.4,15.25,VFL LONDON  VFL OSLO,Fri 14:25,0,0,1.25,3.95,1.75,2.1,3,1.4,0,0,28,22:55.5,Fri 14:22,Fri 25
4.85,1.75,3.65,4.85,2.25,2.5,3.05,1.6,13,VFL BERN  VFL OSLO,Fri 14:34,0,0,1.35,3.35,2.15,1.7,3.9,1.25,0,0,30,32:53.2,Fri 14:32,Fri 25
1.8,4.1,4.05,2.15,4.35,2.8,1.6,2.85,17.5,VFL MADRID  VFL LISBON,Fri 14:34,0,0,1.22,4.3,1.75,2.1,2.95,1.4,0,0,30,32:53.2,Fri 14:32,Fri 25
4.45,1.75,4.05,4.5,2.1,2.85,2.6,1.65,21,VFL STOCKHOLM  VFL AMSTERDAM,Fri 14:34,0,0,1.2,4.65,1.7,2.15,2.75,1.45,0,0,30,32:53.2,Fri 14:32,Fri 25
1.3,8.5,6,1.6,9,3.15,1.3,4.35,25,VFL LONDON  VFL EDINBURGH,Fri 14:34,0,0,0,0,1.5,2.6,2.3,1.6,4.15,1.25,30,32:53.2,Fri 14:32,Fri 25
2.9,2.2,3.95,3.25,2.9,2.5,2.25,1.85,20,VFL PARIS  VFL ROME,Fri 14:34,0,0,1.2,4.55,1.65,2.25,2.55,1.5,0,0,30,32:53.2,Fri 14:32,Fri 25
3.45,2.6,2.7,3.55,3.75,2,2.5,2.35,4.85,VFL COPENHAGEN  VFL BRUSSELS,Fri 14:34,1.22,4.85,1.9,1.9,3.9,1.25,0,0,0,0,30,32:53.2,Fri 14:32,Fri 25
2.4,2.95,3.4,3.15,3.5,2.25,2.05,2.3,9.25,VFL VIENNA  VFL ANKARA,Fri 14:34,0,0,1.45,2.8,2.3,1.65,4.6,1.2,0,0,30,32:53.2,Fri 14:32,Fri 25
1.6,7.75,3.45,2.1,6,2.4,1.6,3.3,10.75,VFL BERLIN  VFL ATHENS,Fri 14:34,0,0,1.35,3.3,2.15,1.7,3.65,1.3,0,0,30,32:53.2,Fri 14:32,Fri 25
1.3,10.25,5.25,1.65,7.5,3.15,1.35,4.25,24,VFL BERLIN  VFL EDINBURGH,Fri 14:42,0,0,0,0,1.75,2.1,2.8,1.45,4.75,1.2,1,37:32.5,Fri 14:37,Fri 25
1.45,5.75,5,1.85,7,2.7,1.4,3.85,19.75,VFL MADRID  VFL BRUSSELS,Fri 14:42,0,0,1.25,4.1,1.75,2.1,3.35,1.35,0,0,1,37:32.5,Fri 14:37,Fri 25
2.9,2.8,2.9,3.3,3.4,2.2,2.45,2.1,6.5,VFL VIENNA  VFL COPENHAGEN,Fri 14:42,1.14,6.5,1.75,2.1,3.3,1.35,0,0,0,0,1,37:32.5,Fri 14:37,Fri 25
1.95,3.7,3.75,2.65,3.35,2.65,1.85,2.3,19.25,VFL ATHENS  VFL STOCKHOLM,Fri 14:42,0,0,1.25,4.15,1.75,2.05,2.9,1.4,0,0,1,37:32.5,Fri 14:37,Fri 25
2.35,2.9,3.55,2.95,4.05,2.15,1.9,2.4,12,VFL LISBON  VFL LONDON,Fri 14:42,0,0,1.4,2.95,2.15,1.7,3.8,1.25,0,0,1,37:32.5,Fri 14:37,Fri 25
2.55,2.8,3.35,3.35,3.55,2.15,2.05,2.25,11,VFL BERN  VFL ANKARA,Fri 14:42,0,0,1.4,3,2.2,1.7,4.25,1.22,0,0,1,37:32.5,Fri 14:37,Fri 25
1.45,6,5.25,1.8,5.5,3.15,1.45,3.3,29,VFL AMSTERDAM  VFL PARIS,Fri 14:42,0,0,1.2,4.5,1.7,2.2,2.7,1.45,0,0,1,37:32.5,Fri 14:37,Fri 25
2,3.65,3.7,2.45,3.75,2.65,1.8,2.4,17.75,VFL OSLO  VFL ROME,Fri 14:42,0,0,1.22,4.4,1.7,2.2,2.75,1.45,0,0,1,37:32.5,Fri 14:37,Fri 25
1.3,10.25,5.25,1.65,7.5,3.15,1.35,4.25,24,VFL BERLIN  VFL EDINBURGH,Fri 14:42,0,0,0,0,1.75,2.1,2.8,1.45,4.75,1.2,1,42:05.9,Fri 14:42,Fri 25
1.45,5.75,5,1.85,7,2.7,1.4,3.85,19.75,VFL MADRID  VFL BRUSSELS,Fri 14:42,0,0,1.25,4.1,1.75,2.1,3.35,1.35,0,0,1,42:05.9,Fri 14:42,Fri 25
2.9,2.8,2.9,3.3,3.4,2.2,2.45,2.1,6.5,VFL VIENNA  VFL COPENHAGEN,Fri 14:42,1.14,6.5,1.75,2.1,3.3,1.35,0,0,0,0,1,42:05.9,Fri 14:42,Fri 25
1.95,3.7,3.75,2.65,3.35,2.65,1.85,2.3,19.25,VFL ATHENS  VFL STOCKHOLM,Fri 14:42,0,0,1.25,4.15,1.75,2.05,2.9,1.4,0,0,1,42:05.9,Fri 14:42,Fri 25
2.35,2.9,3.55,2.95,4.05,2.15,1.9,2.4,12,VFL LISBON  VFL LONDON,Fri 14:42,0,0,1.4,2.95,2.15,1.7,3.8,1.25,0,0,1,42:05.9,Fri 14:42,Fri 25
2.55,2.8,3.35,3.35,3.55,2.15,2.05,2.25,11,VFL BERN  VFL ANKARA,Fri 14:42,0,0,1.4,3,2.2,1.7,4.25,1.22,0,0,1,42:05.9,Fri 14:42,Fri 25
1.45,6,5.25,1.8,5.5,3.15,1.45,3.3,29,VFL AMSTERDAM  VFL PARIS,Fri 14:42,0,0,1.2,4.5,1.7,2.2,2.7,1.45,0,0,1,42:05.9,Fri 14:42,Fri 25
2,3.65,3.7,2.45,3.75,2.65,1.8,2.4,17.75,VFL OSLO  VFL ROME,Fri 14:42,0,0,1.22,4.4,1.7,2.2,2.75,1.45,0,0,1,42:05.9,Fri 14:42,Fri 25
3.55,1.9,4.2,3.75,2.4,2.75,2.35,1.85,17.25,VFL ATHENS  VFL LONDON,Fri 14:51,0,0,1.25,3.9,1.8,2.05,2.9,1.4,0,0,3,47:31.4,Fri 14:47,Fri 25
2.8,2.75,3.05,3.8,3.9,1.9,2.2,2.25,7.5,VFL BERN  VFL COPENHAGEN,Fri 14:51,1.12,7.5,1.6,2.35,2.85,1.45,0,0,0,0,3,47:31.4,Fri 14:47,Fri 25
2.15,3.05,3.95,2.75,3.5,2.5,1.8,2.25,27,VFL AMSTERDAM  VFL MADRID,Fri 14:51,0,0,1.2,4.55,1.7,2.15,2.75,1.45,0,0,3,47:31.4,Fri 14:47,Fri 25
1.65,5.25,3.95,2.05,4.65,2.9,1.6,2.85,20,VFL OSLO  VFL PARIS,Fri 14:51,0,0,1.18,4.8,1.7,2.2,2.75,1.45,0,0,3,47:31.4,Fri 14:47,Fri 25
2.25,3.1,3.55,3.05,4.15,2.1,1.95,2.25,14.5,VFL LISBON  VFL ROME,Fri 14:51,0,0,1.35,3.15,2.15,1.7,4.15,1.25,0,0,3,47:31.4,Fri 14:47,Fri 25
4.75,2,3,5.5,2.8,1.95,3.15,1.8,6.25,VFL VIENNA  VFL BRUSSELS,Fri 14:51,1.15,6.25,1.7,2.15,3.2,1.35,0,0,0,0,3,47:31.4,Fri 14:47,Fri 25
1.35,10,4.9,1.65,7.75,3.15,1.3,5,17,VFL BERLIN  VFL ANKARA,Fri 14:51,0,0,1.25,4.1,1.75,2.1,3.2,1.35,0,0,3,47:31.4,Fri 14:47,Fri 25
2.35,2.6,4.25,2.85,3,2.7,1.95,2.1,22,VFL EDINBURGH  VFL STOCKHOLM,Fri 14:51,0,0,0,0,1.5,2.55,2.35,1.6,4.35,1.22,3,47:31.4,Fri 14:47,Fri 25
1.7,4.25,4.5,2.15,5,2.6,1.5,3.15,19.5,VFL PARIS  VFL BERN,Fri 14:56,0,0,1.25,3.95,1.85,1.95,3.25,1.35,0,0,4,52:08.5,Fri 14:52,Fri 25
1.3,9,5.75,1.6,9.5,3.1,1.3,4.6,22,VFL LONDON  VFL EDINBURGH,Fri 14:56,0,0,0,0,1.55,2.5,2.3,1.6,4.2,1.22,4,52:08.5,Fri 14:52,Fri 25
2.45,2.75,3.65,3.15,3.25,2.35,2.05,2.25,10.75,VFL ANKARA  VFL ATHENS,Fri 14:56,0,0,1.4,2.9,2.25,1.65,4.4,1.22,0,0,4,52:08.5,Fri 14:52,Fri 25
4.25,1.95,3.25,5.5,2.8,1.95,3.25,1.75,6.75,VFL COPENHAGEN  VFL LISBON,Fri 14:56,1.14,6.75,1.75,2.1,3.15,1.35,0,0,0,0,4,52:08.5,Fri 14:52,Fri 25
4.5,1.7,4.05,4.55,2.05,2.9,2.6,1.65,21,VFL STOCKHOLM  VFL AMSTERDAM,Fri 14:56,0,0,1.2,4.6,1.7,2.15,2.75,1.45,0,0,4,52:08.5,Fri 14:52,Fri 25
2.25,2.6,4.4,2.85,3.05,2.7,1.95,2.15,20,VFL ROME  VFL BERLIN,Fri 14:56,0,0,1.25,3.85,1.8,2.05,3,1.4,0,0,4,52:08.5,Fri 14:52,Fri 25
1.25,10.75,6.5,1.5,12,3.45,1.25,5.75,19.25,VFL MADRID  VFL VIENNA,Fri 14:56,0,0,1.22,4.4,1.65,2.25,2.8,1.45,0,0,4,52:08.5,Fri 14:52,Fri 25
2.9,2.65,3.1,3.55,3.15,2.2,2.35,2.05,8.5,VFL BRUSSELS  VFL OSLO,Fri 14:56,0,0,1.55,2.5,2.65,1.5,5.25,1.16,0,0,4,52:08.5,Fri 14:52,Fri 25
3.25,2.05,3.9,3.25,2.55,2.85,2.25,1.85,19.5,VFL ATHENS  VFL ROME,Fri 15:00,0,0,1.25,4.1,1.85,2,3.25,1.35,0,0,5,56:41.6,Fri 14:56,Fri 25
2.3,3,3.55,2.65,3.45,2.6,1.8,2.35,19,VFL EDINBURGH  VFL ANKARA,Fri 15:00,0,0,1.3,3.45,2.05,1.75,4,1.25,0,0,5,56:41.6,Fri 14:56,Fri 25
2.4,2.7,3.8,3.1,3.1,2.45,2,2.05,24,VFL OSLO  VFL MADRID,Fri 15:00,0,0,0,0,1.6,2.35,2.7,1.45,4.65,1.2,5,56:41.6,Fri 14:56,Fri 25
1.35,11.5,4.45,1.9,8.25,2.5,1.4,4.4,11.75,VFL BERLIN  VFL COPENHAGEN,Fri 15:00,0,0,1.4,3.1,2.25,1.65,3.95,1.25,0,0,5,56:41.6,Fri 14:56,Fri 25
1.45,5.5,5.5,1.85,4.8,3.4,1.5,3.15,28,VFL LONDON  VFL STOCKHOLM,Fri 15:00,0,0,0,0,1.5,2.65,2.3,1.6,3.95,1.25,5,56:41.7,Fri 14:56,Fri 25
1.75,4.15,4.25,2.15,4.05,2.95,1.65,2.85,15.75,VFL LISBON  VFL PARIS,Fri 15:00,0,0,1.3,3.6,1.9,1.9,3.5,1.3,0,0,5,56:41.7,Fri 14:56,Fri 25
6.5,1.6,3.65,6.5,2,2.5,3.8,1.55,8,VFL VIENNA  VFL AMSTERDAM,Fri 15:00,0,0,1.5,2.55,2.4,1.6,4.45,1.22,0,0,5,56:41.7,Fri 14:56,Fri 25
3.65,2.05,3.4,4.15,2.75,2.25,2.8,1.85,7.75,VFL BERN  VFL BRUSSELS,Fri 15:00,0,0,1.6,2.4,2.9,1.4,6.5,1.12,0,0,5,56:41.7,Fri 14:56,Fri 25
3.1,2.5,3.05,3.95,3.3,2.05,2.3,2.2,7,VFL BRUSSELS  VFL LISBON,Fri 15:05,1.12,7,1.65,2.2,3.05,1.4,0,0,0,0,6,02:06.9,Fri 15:02,Fri 25
1.35,8.5,5,1.7,6.25,3.2,1.4,3.9,21,VFL ROME  VFL EDINBURGH,Fri 15:05,0,0,0,0,1.65,2.3,2.5,1.55,4.25,1.22,6,02:06.9,Fri 15:02,Fri 25
1.3,9.25,6.25,1.55,9.5,3.3,1.3,4.5,35,VFL MADRID  VFL BERN,Fri 15:05,0,0,0,0,1.55,2.45,2.4,1.6,4.25,1.22,6,02:06.9,Fri 15:02,Fri 25
1.65,4,5,2.2,4.7,2.65,1.5,2.9,37,VFL AMSTERDAM  VFL OSLO,Fri 15:05,0,0,1.2,4.5,1.85,2,3.05,1.4,0,0,6,02:06.9,Fri 15:02,Fri 25
3.9,1.9,3.7,4.55,2.3,2.5,2.75,1.7,13.75,VFL PARIS  VFL BERLIN,Fri 15:05,0,0,1.3,3.6,1.9,1.95,3.45,1.3,0,0,6,02:06.9,Fri 15:02,Fri 25
1.8,4.2,4,2.05,6.25,2.5,1.55,3.1,16.25,VFL STOCKHOLM  VFL VIENNA,Fri 15:05,0,0,1.25,3.9,1.85,1.95,3.05,1.4,0,0,6,02:06.9,Fri 15:02,Fri 25
5.75,1.55,4.2,5.5,2.1,2.55,2.8,1.6,17.75,VFL ANKARA  VFL LONDON,Fri 15:05,0,0,1.2,4.7,1.65,2.25,2.8,1.45,0,0,6,02:06.9,Fri 15:02,Fri 25
3.3,2.55,2.85,3.85,3.2,2.1,2.6,2.05,6.25,VFL COPENHAGEN  VFL ATHENS,Fri 15:05,1.15,6.25,1.65,2.2,3.15,1.35,0,0,0,0,6,02:06.9,Fri 15:02,Fri 25
2.55,2.6,3.6,3,3.25,2.45,1.95,2.15,17.25,VFL ANKARA  VFL STOCKHOLM,Fri 15:10,0,0,1.2,4.5,1.65,2.3,2.7,1.5,0,0,7,06:44.4,Fri 15:06,Fri 25
1.35,10.25,4.55,1.9,8.75,2.5,1.35,4.55,15,VFL OSLO  VFL VIENNA,Fri 15:10,0,0,1.3,3.7,1.95,1.9,3.65,1.3,0,0,7,06:44.4,Fri 15:06,Fri 25
6.75,1.5,4.4,7,2,2.4,3.4,1.5,14.5,VFL BERN  VFL AMSTERDAM,Fri 15:10,0,0,1.3,3.4,2,1.8,3.4,1.35,0,0,7,06:44.4,Fri 15:06,Fri 25
2.5,2.55,3.9,2.9,3.3,2.45,1.95,2.2,18,VFL LISBON  VFL MADRID,Fri 15:10,0,0,1.25,3.9,1.95,1.85,3.4,1.35,0,0,7,06:44.4,Fri 15:06,Fri 25
2.25,3.25,3.35,3,3.85,2.2,1.95,2.3,11.75,VFL EDINBURGH  VFL COPENHAGEN,Fri 15:10,0,0,1.45,2.85,2.65,1.5,5.25,1.16,0,0,7,06:44.4,Fri 15:06,Fri 25
2.3,2.95,3.7,2.65,3.3,2.7,1.85,2.35,16.5,VFL ATHENS  VFL PARIS,Fri 15:10,0,0,1.25,4.05,1.9,1.9,3.6,1.3,0,0,7,06:44.4,Fri 15:06,Fri 25
1.65,5.5,3.85,2.3,6,2.25,1.6,3.4,9.75,VFL BERLIN  VFL BRUSSELS,Fri 15:10,0,0,1.4,3,2.15,1.7,4.3,1.22,0,0,7,06:44.4,Fri 15:06,Fri 25
1.95,3.8,3.7,2.45,4.6,2.35,1.7,2.65,14.75,VFL LONDON  VFL ROME,Fri 15:10,0,0,1.22,4.25,1.7,2.15,2.65,1.5,0,0,7,06:44.4,Fri 15:06,Fri 25
5.5,1.65,3.7,5.75,2.1,2.45,3.1,1.65,10,VFL VIENNA  VFL BERLIN,Fri 15:23,0,0,1.45,2.75,2.45,1.55,5.25,1.16,0,0,10,22:25.2,Fri 15:22,Fri 25
1.65,4.7,4.5,2.15,4.7,2.7,1.6,2.85,19.75,VFL STOCKHOLM  VFL BERN,Fri 15:23,0,0,1.2,4.75,1.7,2.2,2.8,1.45,0,0,10,22:25.2,Fri 15:22,Fri 25
1.25,9.25,6.5,1.55,7.75,3.6,1.3,4.3,54,VFL MADRID  VFL EDINBURGH,Fri 15:23,0,0,0,0,1.45,2.85,2.3,1.65,4.15,1.25,10,22:25.2,Fri 15:22,Fri 25
1.6,4.25,5,2,4.95,2.9,1.5,3.15,17.5,VFL PARIS  VFL ANKARA,Fri 15:23,0,0,1.25,3.95,1.65,2.2,3.05,1.4,0,0,10,22:25.2,Fri 15:22,Fri 25
2.3,3.2,3.3,2.8,3.55,2.45,1.95,2.4,10,VFL OSLO  VFL LISBON,Fri 15:23,0,0,1.45,2.75,2.35,1.6,4.45,1.22,0,0,10,22:25.2,Fri 15:22,Fri 25
1.4,6.75,5,1.85,7,2.75,1.45,3.85,15,VFL AMSTERDAM  VFL ATHENS,Fri 15:23,0,0,1.3,3.5,1.85,1.95,3.3,1.35,0,0,10,22:25.2,Fri 15:22,Fri 25
4.15,2,3.25,6,2.5,2.05,3,1.8,7.5,VFL COPENHAGEN  VFL ROME,Fri 15:23,0,0,1.55,2.5,2.6,1.5,5.25,1.16,0,0,10,22:25.2,Fri 15:22,Fri 25
3.35,2.25,3.25,4.3,2.55,2.35,2.65,1.8,10.75,VFL BRUSSELS  VFL LONDON,Fri 15:23,0,0,1.4,3.1,2.3,1.6,4.2,1.22,0,0,10,22:25.2,Fri 15:22,Fri 25
1.75,4.05,4.15,2.4,4.2,2.55,1.65,2.8,14,VFL BRUSSELS  VFL STOCKHOLM,Fri 15:46,0,0,1.35,3.15,2.1,1.75,3.65,1.3,0,0,15,43:03.7,Fri 15:43,Fri 25
1.4,8,4.5,1.9,7.5,2.55,1.4,3.95,18,VFL ROME  VFL VIENNA,Fri 15:46,0,0,1.3,3.65,1.95,1.85,3.5,1.3,0,0,15,43:03.7,Fri 15:43,Fri 25
3.95,1.8,4.15,4.25,2.15,2.85,2.4,1.75,24,VFL PARIS  VFL MADRID,Fri 15:46,0,0,0,0,1.45,2.85,2.35,1.6,4.45,1.22,15,43:03.7,Fri 15:43,Fri 25
3.75,1.9,3.85,3.85,2.35,2.7,2.75,1.65,15.75,VFL ANKARA  VFL OSLO,Fri 15:46,0,0,1.25,4,1.9,1.9,3.35,1.35,0,0,15,43:03.7,Fri 15:43,Fri 25
3.4,2,3.85,4,2.65,2.4,2.25,1.9,18,VFL ATHENS  VFL BERLIN,Fri 15:46,0,0,1.3,3.4,2.15,1.7,4.05,1.25,0,0,15,43:03.7,Fri 15:43,Fri 25
1.25,9.75,7.25,1.5,9.25,3.5,1.3,4.7,26,VFL LONDON  VFL BERN,Fri 15:46,0,0,0,0,1.6,2.4,2.6,1.5,4.8,1.18,15,43:03.7,Fri 15:43,Fri 25
6.25,1.6,3.7,6.5,2.1,2.4,4,1.5,9.75,VFL COPENHAGEN  VFL AMSTERDAM,Fri 15:46,0,0,1.55,2.45,2.75,1.45,5.75,1.15,0,0,15,43:03.8,Fri 15:43,Fri 25
4.5,1.7,4.05,4.7,2.1,2.8,2.75,1.65,15.75,VFL EDINBURGH  VFL LISBON,Fri 15:46,0,0,1.3,3.5,1.95,1.85,3.65,1.3,0,0,15,43:03.8,Fri 15:43,Fri 25
2.1,3.3,3.65,2.45,3.75,2.65,1.8,2.35,20,VFL STOCKHOLM  VFL ATHENS,Fri 15:51,0,0,1.18,4.8,1.65,2.25,2.8,1.45,0,0,16,47:42.4,Fri 15:47,Fri 25
2.1,3.75,3.25,2.65,5.25,2.05,1.85,3.05,6,VFL COPENHAGEN  VFL VIENNA,Fri 15:51,1.16,6,1.9,1.95,3.35,1.35,0,0,0,0,16,47:42.4,Fri 15:47,Fri 25
1.9,3.8,3.75,2.25,4.3,2.7,1.7,2.75,12,VFL LONDON  VFL LISBON,Fri 15:51,0,0,1.35,3.35,1.95,1.85,3.6,1.3,0,0,16,47:42.4,Fri 15:47,Fri 25
5.25,1.6,4.4,5.25,1.95,2.85,3.25,1.55,14.75,VFL EDINBURGH  VFL BERLIN,Fri 15:51,0,0,1.25,3.85,1.85,2,3.5,1.3,0,0,16,47:42.4,Fri 15:47,Fri 25
1.95,3.85,3.6,2.85,4.2,2.15,1.75,2.55,13.75,VFL ANKARA  VFL BERN,Fri 15:51,0,0,1.35,3.3,2.1,1.75,3.95,1.25,0,0,16,47:42.4,Fri 15:47,Fri 25
2,3.5,3.85,2.5,3.6,2.7,1.85,2.35,16.5,VFL ROME  VFL OSLO,Fri 15:51,0,0,1.25,4.05,1.7,2.15,2.75,1.45,0,0,16,47:42.4,Fri 15:47,Fri 25
3.3,1.9,4.55,3.7,2.3,2.9,2.6,1.65,23,VFL PARIS  VFL AMSTERDAM,Fri 15:51,0,0,1.25,3.95,1.8,2,3.35,1.35,0,0,16,47:42.4,Fri 15:47,Fri 25
3.35,2.2,3.45,4.15,2.55,2.4,2.5,1.8,12.5,VFL BRUSSELS  VFL MADRID,Fri 15:51,0,0,1.3,3.55,2.05,1.75,3.95,1.25,0,0,16,47:42.4,Fri 15:47,Fri 25
1.8,4.05,4.15,2.35,4.55,2.5,1.65,2.75,16.75,VFL ATHENS  VFL EDINBURGH,Fri 15:55,0,0,1.3,3.55,2,1.8,3.65,1.3,0,0,17,53:19.4,Fri 15:53,Fri 25
1.5,7,4.2,1.95,7.75,2.45,1.45,4.35,10,VFL OSLO  VFL COPENHAGEN,Fri 15:55,0,0,1.4,2.9,2.35,1.6,4.5,1.2,0,0,17,53:19.5,Fri 15:53,Fri 25
3.75,1.9,3.8,4.75,2.15,2.7,2.75,1.75,11.5,VFL BERN  VFL ROME,Fri 15:55,0,0,1.35,3.25,2.15,1.7,4.05,1.25,0,0,17,53:19.5,Fri 15:53,Fri 25
3.05,2.2,3.7,3.7,2.9,2.3,2.35,1.95,11.75,VFL VIENNA  VFL PARIS,Fri 15:55,0,0,1.4,3.1,2.05,1.75,4.25,1.22,0,0,17,53:19.5,Fri 15:53,Fri 25
1.6,6,3.95,2.25,7,2.2,1.6,3.5,8.75,VFL AMSTERDAM  VFL BRUSSELS,Fri 15:55,0,0,1.5,2.6,2.4,1.6,4.5,1.2,0,0,17,53:19.5,Fri 15:53,Fri 25
2.05,3.6,3.45,2.5,3.6,2.7,1.85,2.25,20,VFL BERLIN  VFL LONDON,Fri 15:55,0,0,1.2,4.75,1.75,2.05,2.95,1.4,0,0,17,53:19.5,Fri 15:53,Fri 25
1.45,7,4.8,1.75,8,2.8,1.4,3.95,16.25,VFL LISBON  VFL ANKARA,Fri 15:55,0,0,1.3,3.45,2.05,1.8,3.65,1.3,0,0,17,53:19.5,Fri 15:53,Fri 25
1.4,6.75,5.5,1.7,5.75,3.5,1.45,3.2,31,VFL MADRID  VFL STOCKHOLM,Fri 15:55,0,0,0,0,1.35,3.25,1.9,1.95,3.1,1.35,17,53:19.5,Fri 15:53,Fri 25
1.55,5.75,4.2,1.85,7,2.8,1.4,3.75,17,VFL LONDON  VFL ATHENS,Fri 16:00,0,0,1.25,4.05,1.9,1.9,3.3,1.35,0,0,18,58:59.7,Fri 15:58,Fri 25
2.05,3.2,3.95,2.2,3.4,3.4,1.8,2.35,23,VFL MADRID  VFL AMSTERDAM,Fri 16:00,0,0,0,0,1.5,2.55,2.45,1.55,4.95,1.18,18,58:59.7,Fri 15:58,Fri 25
1.7,5.5,3.65,2.25,6,2.25,1.55,3.7,8,VFL BRUSSELS  VFL VIENNA,Fri 16:00,0,0,1.6,2.35,2.7,1.45,6.25,1.12,0,0,18,58:59.7,Fri 15:58,Fri 25
2.8,2.35,3.65,3.5,3.1,2.25,2.2,2,14,VFL PARIS  VFL OSLO,Fri 16:00,0,0,1.25,3.8,1.8,2,3.05,1.4,0,0,18,58:59.7,Fri 15:58,Fri 25
1.85,4.7,3.3,2.55,5.5,2.1,1.75,3.1,8,VFL COPENHAGEN  VFL BERN,Fri 16:00,0,0,1.55,2.5,2.85,1.45,6.5,1.12,0,0,18,58:59.7,Fri 15:58,Fri 25
1.75,4.1,4.4,2.1,4.65,2.8,1.6,2.85,23,VFL STOCKHOLM  VFL EDINBURGH,Fri 16:00,0,0,0,0,1.6,2.35,2.5,1.55,4.5,1.2,18,58:59.7,Fri 15:58,Fri 25
5.5,1.6,4.15,6,2.05,2.5,3.05,1.6,12,VFL ANKARA  VFL BERLIN,Fri 16:00,0,0,1.35,3.2,2,1.8,3.6,1.3,0,0,18,58:59.7,Fri 15:58,Fri 25
2,3.6,3.7,2.35,3.6,2.9,1.8,2.4,17,VFL ROME  VFL LISBON,Fri 16:00,0,0,1.25,3.9,1.9,1.9,3.3,1.35,0,0,18,58:59.7,Fri 15:58,Fri 25
5.25,1.55,4.6,6.25,1.85,2.85,3.6,1.5,13.25,VFL VIENNA  VFL MADRID,Fri 16:05,0,0,1.3,3.45,1.9,1.9,3.9,1.25,0,0,19,03:39.5,Fri 16:03,Fri 25
6,1.5,4.45,5.75,1.9,2.85,3.15,1.5,23,VFL EDINBURGH  VFL LONDON,Fri 16:05,0,0,1.2,4.5,1.65,2.25,2.65,1.5,0,0,19,03:39.5,Fri 16:03,Fri 25
1.8,4,4.05,2.45,4.35,2.4,1.7,2.5,22,VFL BERLIN  VFL ROME,Fri 16:05,0,0,1.22,4.25,1.65,2.2,2.8,1.45,0,0,19,03:39.5,Fri 16:03,Fri 25
1.95,4.35,3.25,2.45,4.8,2.35,1.7,2.8,11.5,VFL ATHENS  VFL ANKARA,Fri 16:05,0,0,1.3,3.5,2.15,1.7,3.95,1.25,0,0,19,03:39.5,Fri 16:03,Fri 25
3.4,2.25,3.25,4.05,2.8,2.25,2.5,1.8,12.5,VFL BERN  VFL PARIS,Fri 16:05,0,0,1.3,3.4,1.9,1.9,3.45,1.3,0,0,19,03:39.5,Fri 16:03,Fri 25
1.4,7,4.9,1.75,5.25,3.45,1.4,3.85,22,VFL AMSTERDAM  VFL STOCKHOLM,Fri 16:05,0,0,0,0,1.55,2.45,2.45,1.55,4.05,1.25,19,03:39.5,Fri 16:03,Fri 25
1.6,7.25,3.45,2.1,7,2.3,1.5,4.7,7.25,VFL LISBON  VFL COPENHAGEN,Fri 16:05,1.12,7.25,1.55,2.5,2.65,1.5,0,0,0,0,19,03:39.5,Fri 16:03,Fri 25
1.8,4.65,3.55,2.25,5.25,2.4,1.6,3.25,11.25,VFL OSLO  VFL BRUSSELS,Fri 16:05,0,0,1.45,2.8,2.5,1.55,5,1.18,0,0,19,03:39.5,Fri 16:03,Fri 25
4,1.8,4,3.75,2.25,2.9,2.5,1.7,25,VFL STOCKHOLM  VFL LONDON,Fri 16:09,0,0,0,0,1.45,2.75,2.35,1.6,4.35,1.22,20,09:09.7,Fri 16:09,Fri 25
1.6,5.25,4.35,2.05,5.25,2.7,1.5,3.25,16.5,VFL ROME  VFL ATHENS,Fri 16:09,0,0,1.22,4.4,1.65,2.25,2.95,1.4,0,0,20,09:09.8,Fri 16:09,Fri 25
2.95,2.2,3.8,3.5,2.85,2.4,2.3,1.95,12.5,VFL PARIS  VFL LISBON,Fri 16:09,0,0,1.35,3.15,2.15,1.7,4.15,1.25,0,0,20,09:09.8,Fri 16:09,Fri 25
2,3.3,4.05,2.5,4.5,2.35,1.8,2.5,12.75,VFL ANKARA  VFL EDINBURGH,Fri 16:09,0,0,1.4,3,2.05,1.75,3.4,1.3,0,0,20,09:09.8,Fri 16:09,Fri 25
5.5,1.7,3.65,6.75,2.05,2.45,3.75,1.55,9,VFL COPENHAGEN  VFL BERLIN,Fri 16:09,0,0,1.55,2.4,2.6,1.5,4.95,1.18,0,0,20,09:09.8,Fri 16:09,Fri 25
1.3,10.5,5,1.75,9.5,2.7,1.35,4.8,12,VFL AMSTERDAM  VFL VIENNA,Fri 16:09,0,0,1.3,3.55,1.9,1.9,3.55,1.3,0,0,20,09:09.8,Fri 16:09,Fri 25
1.85,3.75,4.2,2.3,3.7,2.9,1.8,2.35,21,VFL MADRID  VFL OSLO,Fri 16:09,0,0,0,0,1.55,2.45,2.3,1.65,4.3,1.22,20,09:09.8,Fri 16:09,Fri 25
1.65,6.5,3.4,2.05,7,2.35,1.55,3.75,8.5,VFL BRUSSELS  VFL BERN,Fri 16:09,0,0,1.45,2.8,2.6,1.5,4.9,1.18,0,0,20,09:09.8,Fri 16:09,Fri 25
3.95,2,3.3,4.35,2.3,2.55,2.8,1.7,11.75,VFL ATHENS  VFL AMSTERDAM,Fri 16:32,0,0,1.35,3.2,2.2,1.7,3.95,1.25,0,0,25,30:42.1,Fri 16:30,Fri 25
1.5,6.5,4.3,1.95,6.25,2.65,1.45,3.65,14.25,VFL ROME  VFL COPENHAGEN,Fri 16:32,0,0,1.3,3.4,2,1.8,3.6,1.3,0,0,25,30:42.1,Fri 16:30,Fri 25
5.75,1.55,4.35,7,1.85,2.7,3.9,1.4,17,VFL EDINBURGH  VFL MADRID,Fri 16:32,0,0,1.25,4.1,1.7,2.15,2.6,1.5,0,0,25,30:42.1,Fri 16:30,Fri 25
2.95,2.4,3.45,3.35,2.85,2.45,2.2,1.9,22,VFL ANKARA  VFL PARIS,Fri 16:32,0,0,1.22,4.4,1.65,2.2,2.65,1.5,0,0,25,30:42.1,Fri 16:30,Fri 25
1.75,5.25,3.5,2.15,6,2.4,1.6,3.15,10.5,VFL LONDON  VFL BRUSSELS,Fri 16:32,0,0,1.4,3,2.4,1.6,4.4,1.22,0,0,25,30:42.1,Fri 16:30,Fri 25
2.2,3.7,3.1,2.45,4.05,2.5,1.9,2.6,8.25,VFL LISBON  VFL OSLO,Fri 16:32,0,0,1.45,2.75,2.5,1.55,4.4,1.22,0,0,25,30:42.1,Fri 16:30,Fri 25
1.35,10,4.65,1.65,10.5,2.8,1.3,5.25,12,VFL BERLIN  VFL VIENNA,Fri 16:32,0,0,1.3,3.45,2.05,1.8,3.75,1.3,0,0,25,30:42.1,Fri 16:30,Fri 25
2.85,2.1,4.35,3.4,2.55,2.8,2.35,1.8,23,VFL BERN  VFL STOCKHOLM,Fri 16:32,0,0,1.25,4,1.85,1.95,3.3,1.35,0,0,25,30:42.1,Fri 16:30,Fri 25
4.55,1.8,3.65,4.75,2.25,2.55,3.25,1.6,10.5,VFL BERN  VFL LISBON,Fri 16:37,0,0,1.4,3.05,2.2,1.65,4.3,1.22,0,0,26,35:23.6,Fri 16:35,Fri 25
1.7,5.5,3.5,2.35,5.25,2.3,1.7,3,9.75,VFL BRUSSELS  VFL ANKARA,Fri 16:37,0,0,1.4,2.95,2.45,1.55,5.25,1.16,0,0,26,35:23.6,Fri 16:35,Fri 25
2.35,2.8,3.8,2.8,3.3,2.55,2,2.15,17.75,VFL OSLO  VFL BERLIN,Fri 16:37,0,0,1.3,3.65,2,1.8,3.7,1.3,0,0,26,35:23.6,Fri 16:35,Fri 25
2.05,3.9,3.3,2.45,4.3,2.45,1.75,2.65,11.25,VFL STOCKHOLM  VFL COPENHAGEN,Fri 16:37,0,0,1.35,3.1,2.4,1.6,3.95,1.25,0,0,26,35:23.6,Fri 16:35,Fri 25
1.85,3.35,4.7,2.25,3.6,3.1,1.75,2.35,30,VFL MADRID  VFL LONDON,Fri 16:37,0,0,0,0,1.45,2.8,2.15,1.7,3.8,1.25,26,35:23.7,Fri 16:35,Fri 25
3.05,2.3,3.45,3.65,3.4,2.05,2.2,2.2,8.25,VFL VIENNA  VFL ATHENS,Fri 16:37,0,0,1.65,2.3,2.8,1.45,5.75,1.14,0,0,26,35:23.7,Fri 16:35,Fri 25
2.95,2.25,3.8,3.3,2.85,2.5,2.3,1.85,20,VFL PARIS  VFL ROME,Fri 16:37,0,0,0,0,1.65,2.25,2.5,1.55,4.5,1.2,26,35:23.7,Fri 16:35,Fri 25
1.25,13.75,5.25,1.7,11,2.7,1.3,5.25,14.25,VFL AMSTERDAM  VFL EDINBURGH,Fri 16:37,0,0,1.25,4.05,1.75,2.1,2.8,1.45,0,0,26,35:23.7,Fri 16:35,Fri 25
1.6,5.25,4.15,1.9,6.5,2.75,1.5,3.35,17.25,VFL LISBON  VFL STOCKHOLM,Fri 16:41,0,0,1.25,3.75,1.85,1.95,3.2,1.35,0,0,27,40:05.7,Fri 16:40,Fri 25
2.95,2.35,3.55,3.55,3.05,2.25,2.4,1.95,10,VFL COPENHAGEN  VFL PARIS,Fri 16:41,0,0,1.5,2.7,2.45,1.55,5,1.18,0,0,27,40:05.7,Fri 16:40,Fri 25
3.05,2.3,3.45,3.55,2.75,2.45,2.3,1.95,12.25,VFL ATHENS  VFL OSLO,Fri 16:41,0,0,1.35,3.15,2.15,1.7,3.6,1.3,0,0,27,40:05.7,Fri 16:40,Fri 25
2.2,3.3,3.45,2.7,4.65,2.15,1.8,2.7,9.25,VFL EDINBURGH  VFL VIENNA,Fri 16:41,0,0,1.5,2.7,2.4,1.6,4.75,1.2,0,0,27,40:05.7,Fri 16:40,Fri 25
4.85,1.6,4.5,6.25,1.95,2.7,3.35,1.45,20,VFL ANKARA  VFL MADRID,Fri 16:41,0,0,1.22,4.3,1.65,2.2,3.05,1.4,0,0,27,40:05.7,Fri 16:40,Fri 25
2.2,3.1,3.7,2.7,3.45,2.55,1.8,2.35,23,VFL LONDON  VFL AMSTERDAM,Fri 16:41,0,0,1.2,4.65,1.8,2.05,3.1,1.4,0,0,27,40:05.7,Fri 16:40,Fri 25
1.7,4.5,4.1,2.25,5,2.45,1.6,3.05,14,VFL ROME  VFL BRUSSELS,Fri 16:41,0,0,1.3,3.45,2.15,1.7,4.05,1.25,0,0,27,40:05.7,Fri 16:40,Fri 25
1.3,9.75,5.25,1.65,8.75,2.95,1.3,4.55,17.75,VFL BERLIN  VFL BERN,Fri 16:41,0,0,1.25,3.85,1.9,1.9,3.3,1.35,0,0,27,40:05.7,Fri 16:40,Fri 25
1.3,10.75,5.25,1.65,8.25,3.1,1.35,4.5,17.25,VFL AMSTERDAM  VFL ANKARA,Fri 16:46,0,0,1.2,4.5,1.7,2.15,2.85,1.45,0,0,28,44:44.2,Fri 16:44,Fri 25
1.4,6.75,5,1.8,6.75,2.8,1.4,3.95,18.5,VFL OSLO  VFL EDINBURGH,Fri 16:46,0,0,1.25,4.1,1.7,2.15,2.75,1.45,0,0,28,44:44.2,Fri 16:44,Fri 25
1.7,4,4.75,1.95,4,3.4,1.6,2.55,43,VFL MADRID  VFL ROME,Fri 16:46,0,0,0,0,1.45,2.75,2.2,1.7,3.75,1.3,28,44:44.2,Fri 16:44,Fri 25
3.1,2.3,3.35,3.7,2.9,2.3,2.45,1.95,8.75,VFL BERN  VFL ATHENS,Fri 16:46,0,0,1.5,2.65,2.6,1.5,5.25,1.16,0,0,28,44:44.2,Fri 16:44,Fri 25
6,1.5,4.65,6,1.8,3,3.75,1.4,17.75,VFL VIENNA  VFL LONDON,Fri 16:46,0,0,1.3,3.65,1.9,1.9,3.4,1.3,0,0,28,44:44.2,Fri 16:44,Fri 25
2,4.25,3.25,2.75,5.5,2,1.85,3.2,5.75,VFL BRUSSELS  VFL COPENHAGEN,Fri 16:46,1.16,5.75,1.85,1.95,3.8,1.25,0,0,0,0,28,44:44.2,Fri 16:44,Fri 25
2.5,2.55,3.8,3.15,3.15,2.4,2.1,2.2,10.5,VFL LISBON  VFL BERLIN,Fri 16:46,0,0,1.45,2.85,2.25,1.65,3.95,1.25,0,0,28,44:44.2,Fri 16:44,Fri 25
2.2,2.65,4.45,2.9,3.5,2.4,1.8,2.25,31,VFL STOCKHOLM  VFL PARIS,Fri 16:46,0,0,0,0,1.55,2.45,2.4,1.6,4.15,1.25,28,44:44.2,Fri 16:44,Fri 25
5.25,1.7,3.75,6.5,2,2.5,3.6,1.55,10.25,VFL COPENHAGEN  VFL MADRID,Fri 16:50,0,0,1.35,3.15,2.15,1.7,3.95,1.25,0,0,29,49:32.2,Fri 16:49,Fri 25
2.25,3.3,3.25,3.1,4,2.1,1.95,2.35,11,VFL PARIS  VFL BRUSSELS,Fri 16:50,0,0,1.45,2.85,2.35,1.6,4.55,1.2,0,0,29,49:32.2,Fri 16:49,Fri 25
2.45,2.65,3.8,3.1,3.6,2.25,1.95,2.2,19.25,VFL ROME  VFL AMSTERDAM,Fri 16:50,0,0,1.25,4.15,1.7,2.15,2.9,1.4,0,0,29,49:32.2,Fri 16:49,Fri 25
1.95,3.95,3.45,2.5,4.35,2.4,1.8,2.45,14.75,VFL LONDON  VFL OSLO,Fri 16:50,0,0,1.25,3.9,1.75,2.1,2.95,1.4,0,0,29,49:32.2,Fri 16:49,Fri 25
1.45,6.25,4.9,1.9,5.75,2.9,1.5,3.3,19,VFL BERLIN  VFL STOCKHOLM,Fri 16:50,0,0,1.22,4.45,1.7,2.2,2.65,1.5,0,0,29,49:32.2,Fri 16:49,Fri 25
2.15,3.45,3.4,2.4,4,2.65,1.8,2.6,11.25,VFL EDINBURGH  VFL BERN,Fri 16:50,0,0,1.35,3.3,2.15,1.7,4.15,1.25,0,0,29,49:32.2,Fri 16:49,Fri 25
2,3.8,3.45,2.5,4.95,2.25,1.75,2.85,9.25,VFL ANKARA  VFL VIENNA,Fri 16:50,0,0,1.45,2.7,2.55,1.55,5,1.18,0,0,29,49:32.2,Fri 16:49,Fri 25
3.1,2.25,3.5,3.5,3.3,2.15,2.4,1.95,10.25,VFL ATHENS  VFL LISBON,Fri 16:50,0,0,1.45,2.75,2.4,1.6,5,1.18,0,0,29,49:32.2,Fri 16:49,Fri 25
2.5,2.75,3.5,3.35,3.6,2.1,2.2,2.1,10.25,VFL STOCKHOLM  VFL BRUSSELS,Fri 16:55,0,0,1.45,2.85,2.25,1.65,4.4,1.22,0,0,30,55:00.7,Fri 16:55,Fri 25
3.95,1.95,3.6,4.05,2.35,2.65,2.55,1.8,11.5,VFL VIENNA  VFL ROME,Fri 16:55,0,0,1.4,3.1,2.15,1.7,4.1,1.25,0,0,30,55:00.7,Fri 16:55,Fri 25
1.35,8.5,5.25,1.8,8.75,2.65,1.4,4,17,VFL LISBON  VFL EDINBURGH,Fri 16:55,0,0,1.25,3.8,1.85,1.95,3.2,1.35,0,0,30,55:00.7,Fri 16:55,Fri 25
1.45,5,6,1.75,6,3.2,1.45,3.15,41,VFL MADRID  VFL PARIS,Fri 16:55,0,0,0,0,1.35,3.25,2,1.8,3.5,1.3,30,55:00.7,Fri 16:55,Fri 25
1.55,7.75,3.6,2.1,6.5,2.4,1.6,3.3,10.5,VFL BERLIN  VFL ATHENS,Fri 16:55,0,0,1.35,3.25,2.1,1.75,3.65,1.3,0,0,30,55:00.8,Fri 16:55,Fri 25
1.4,10.25,4.3,1.8,10.25,2.55,1.4,5.25,9,VFL AMSTERDAM  VFL COPENHAGEN,Fri 16:55,0,0,1.45,2.7,2.15,1.7,4.35,1.22,0,0,30,55:00.8,Fri 16:55,Fri 25
1.4,6.75,5.5,1.9,6.25,2.7,1.4,3.45,30,VFL OSLO  VFL ANKARA,Fri 16:55,0,0,1.22,4.45,1.8,2.05,3.1,1.4,0,0,30,55:00.8,Fri 16:55,Fri 25
6,1.55,4.3,5,2.05,2.75,3.1,1.5,23,VFL BERN  VFL LONDON,Fri 16:55,0,0,1.22,4.2,1.75,2.05,2.8,1.45,0,0,30,55:00.8,Fri 16:55,Fri 25
1.7,5.25,3.65,2.25,5.75,2.3,1.6,3.35,8.75,VFL ATHENS  VFL VIENNA,Fri 17:12,0,0,1.45,2.8,2.3,1.65,4.7,1.2,0,0,3,11:21.1,Fri 17:11,Fri 25
1.3,10.5,5.25,1.65,9.25,3.05,1.35,4.3,22,VFL MADRID  VFL ANKARA,Fri 17:12,0,0,0,0,1.6,2.4,2.45,1.55,4.6,1.2,3,11:21.1,Fri 17:11,Fri 25
7.25,1.6,3.45,5.5,2.15,2.45,3.6,1.55,9.75,VFL COPENHAGEN  VFL LONDON,Fri 17:12,0,0,1.45,2.7,2.4,1.55,4.6,1.2,0,0,3,11:21.1,Fri 17:11,Fri 25
2.35,3.2,3.25,2.85,3.45,2.45,1.95,2.35,10.25,VFL OSLO  VFL LISBON,Fri 17:12,0,0,1.45,2.8,2.4,1.6,4.3,1.22,0,0,3,11:21.1,Fri 17:11,Fri 25
1.45,6.25,5,1.8,5.5,3.2,1.45,3.4,26,VFL AMSTERDAM  VFL PARIS,Fri 17:12,0,0,1.2,4.55,1.65,2.25,2.65,1.5,0,0,3,11:21.1,Fri 17:11,Fri 25
2.1,3.5,3.45,2.35,4.05,2.6,1.8,2.65,11,VFL EDINBURGH  VFL BERN,Fri 17:12,0,0,1.35,3.25,2.1,1.75,4.15,1.25,0,0,3,11:21.1,Fri 17:11,Fri 25
1.7,4.6,4.15,2.2,5.25,2.5,1.6,3.1,14,VFL ROME  VFL BRUSSELS,Fri 17:12,0,0,1.3,3.5,2.1,1.75,4,1.25,0,0,3,11:21.1,Fri 17:11,Fri 25
3.9,1.85,3.95,4.65,2.2,2.65,2.8,1.6,18.5,VFL STOCKHOLM  VFL BERLIN,Fri 17:12,0,0,1.2,4.55,1.7,2.15,3,1.4,0,0,3,11:21.1,Fri 17:11,Fri 25
1.55,5.5,4.25,1.8,7,2.85,1.4,3.85,15.5,VFL LONDON  VFL ATHENS,Fri 17:17,0,0,1.25,3.9,1.9,1.9,3.25,1.35,0,0,4,15:55.3,Fri 17:15,Fri 25
3.8,1.9,3.8,3.9,2.35,2.75,2.7,1.65,16.5,VFL ANKARA  VFL OSLO,Fri 17:17,0,0,1.25,4.05,1.9,1.9,3.25,1.35,0,0,4,15:55.3,Fri 17:15,Fri 25
1.3,10.75,5.25,1.65,7.75,3.15,1.35,4.35,20,VFL BERLIN  VFL EDINBURGH,Fri 17:17,0,0,1.18,4.95,1.7,2.15,2.8,1.45,0,0,4,15:55.3,Fri 17:15,Fri 25
3.9,1.95,3.6,4.05,2.35,2.65,2.55,1.8,11.75,VFL VIENNA  VFL ROME,Fri 17:17,0,0,1.35,3.15,2.1,1.75,4.15,1.25,0,0,4,15:55.4,Fri 17:15,Fri 25
1.95,3.2,4.4,2.65,3.75,2.45,1.75,2.4,25,VFL PARIS  VFL STOCKHOLM,Fri 17:17,0,0,0,0,1.6,2.4,2.45,1.55,4.35,1.22,4,15:55.4,Fri 17:15,Fri 25
2.45,2.7,3.7,2.9,3.4,2.4,2,2.25,11.5,VFL LISBON  VFL AMSTERDAM,Fri 17:17,0,0,1.45,2.85,2.4,1.6,4.45,1.22,0,0,4,15:55.4,Fri 17:15,Fri 25
3.25,2.25,3.4,3.9,2.55,2.5,2.45,1.85,12.25,VFL BRUSSELS  VFL MADRID,Fri 17:17,0,0,1.3,3.6,2.05,1.8,3.9,1.25,0,0,4,15:55.4,Fri 17:15,Fri 25
2.75,2.75,3.05,3.85,3.8,1.9,2.2,2.25,7.25,VFL BERN  VFL COPENHAGEN,Fri 17:17,1.12,7.25,1.6,2.35,2.8,1.45,0,0,0,0,4,15:55.4,Fri 17:15,Fri 25
3.15,2.25,3.45,3.7,2.95,2.3,2.45,1.95,8.5,VFL BERN  VFL ATHENS,Fri 17:26,0,0,1.5,2.6,2.6,1.5,5,1.18,0,0,6,25:47.6,Fri 17:25,Fri 25
4.2,1.9,3.45,4.2,2.6,2.3,2.85,1.7,11.5,VFL BRUSSELS  VFL AMSTERDAM,Fri 17:26,0,0,1.4,2.9,2.55,1.5,6,1.14,0,0,6,25:47.6,Fri 17:25,Fri 25
4.75,1.8,3.55,4.85,2.25,2.5,3.05,1.65,11,VFL VIENNA  VFL OSLO,Fri 17:26,0,0,1.4,3,2.25,1.65,4.35,1.22,0,0,6,25:47.6,Fri 17:25,Fri 25
2.2,2.75,4.45,2.7,3.1,2.75,2,2.05,23,VFL LONDON  VFL MADRID,Fri 17:26,0,0,0,0,1.55,2.45,2.45,1.55,4.2,1.22,6,25:47.6,Fri 17:25,Fri 25
3.85,1.9,3.85,4.5,2.25,2.65,2.8,1.65,13.75,VFL PARIS  VFL BERLIN,Fri 17:26,0,0,1.3,3.65,1.9,1.95,3.45,1.3,0,0,6,25:47.6,Fri 17:25,Fri 25
4.2,2,3.25,6,2.5,2.1,3,1.8,7.5,VFL COPENHAGEN  VFL ROME,Fri 17:26,0,0,1.55,2.5,2.6,1.5,4.9,1.18,0,0,6,25:47.6,Fri 17:25,Fri 25
2.55,2.6,3.6,3.1,3.1,2.45,2,2.1,19,VFL ANKARA  VFL STOCKHOLM,Fri 17:26,0,0,1.2,4.55,1.65,2.3,2.6,1.5,0,0,6,25:47.6,Fri 17:25,Fri 25
1.35,9,4.95,1.75,8.75,2.7,1.4,4.15,15.75,VFL LISBON  VFL EDINBURGH,Fri 17:26,0,0,1.25,3.85,1.85,1.95,3.1,1.35,0,0,6,25:47.6,Fri 17:25,Fri 25
3.8,1.95,3.7,4.6,2.15,2.7,2.8,1.7,11.25,VFL BERN  VFL ROME,Fri 17:35,0,0,1.35,3.35,2.15,1.7,3.95,1.25,0,0,8,31:12.7,Fri 17:31,Fri 25
4.3,1.75,3.95,4.8,1.95,3,2.85,1.6,19,VFL ATHENS  VFL MADRID,Fri 17:35,0,0,1.22,4.4,1.75,2.05,2.9,1.4,0,0,8,31:12.7,Fri 17:31,Fri 25
5.25,1.6,4.25,5.75,2.1,2.5,3.05,1.6,12.25,VFL ANKARA  VFL BERLIN,Fri 17:35,0,0,1.35,3.25,2,1.8,3.65,1.3,0,0,8,31:12.7,Fri 17:31,Fri 25
2.15,3.15,3.8,2.65,3.45,2.6,1.8,2.35,22,VFL LONDON  VFL AMSTERDAM,Fri 17:35,0,0,1.2,4.55,1.75,2.05,3.15,1.35,0,0,8,31:12.7,Fri 17:31,Fri 25
4.15,1.85,3.8,4.8,2.65,2.15,2.9,1.75,8.75,VFL COPENHAGEN  VFL OSLO,Fri 17:35,0,0,1.6,2.35,2.9,1.4,6,1.14,0,0,8,31:12.7,Fri 17:31,Fri 25
2.75,2.3,4.05,3.25,2.9,2.55,2.15,2,14.25,VFL VIENNA  VFL STOCKHOLM,Fri 17:35,0,0,1.35,3.35,2.05,1.8,3.7,1.3,0,0,8,31:12.7,Fri 17:31,Fri 25
1.75,4.2,4.1,2.2,4.05,2.9,1.6,2.85,16.75,VFL LISBON  VFL PARIS,Fri 17:35,0,0,1.3,3.75,1.85,1.95,3.45,1.3,0,0,8,31:12.7,Fri 17:31,Fri 25
1.6,6.25,3.65,2.1,7.5,2.25,1.55,3.8,8.25,VFL BRUSSELS  VFL EDINBURGH,Fri 17:35,0,0,1.45,2.8,2.45,1.55,4.95,1.18,0,0,8,31:12.7,Fri 17:31,Fri 25
